2005	1	31 Января 2005	http://www.mchs.gov.ru/articles/emergency_info/digest/item/262337/	
2005	1	28 Января 2005	http://www.mchs.gov.ru/articles/emergency_info/digest/item/262628/	
2005	1	27 Января 2005	http://www.mchs.gov.ru/articles/emergency_info/digest/item/261166/	
2005	1	26 Января 2005	http://www.mchs.gov.ru/articles/emergency_info/digest/item/260296/	
2005	1	25 Января 2005	http://www.mchs.gov.ru/articles/emergency_info/digest/item/262176/	
2005	1	24 Января 2005	http://www.mchs.gov.ru/articles/emergency_info/digest/item/262604/	
2005	1	21 Января 2005	http://www.mchs.gov.ru/articles/emergency_info/digest/item/262578/	
2005	1	20 Января 2005	http://www.mchs.gov.ru/articles/emergency_info/digest/item/262416/	
2005	1	19 Января 2005	http://www.mchs.gov.ru/articles/emergency_info/digest/item/262427/	
2005	1	18 Января 2005	http://www.mchs.gov.ru/articles/emergency_info/digest/item/260568/	
2005	2	28 Февраля 2005	http://www.mchs.gov.ru/articles/emergency_info/digest/item/260154/	
2005	2	25 Февраля 2005	http://www.mchs.gov.ru/articles/emergency_info/digest/item/260583/	
2005	2	24 Февраля 2005	http://www.mchs.gov.ru/articles/emergency_info/digest/item/260576/	
2005	2	22 Февраля 2005	http://www.mchs.gov.ru/articles/emergency_info/digest/item/262359/	
2005	2	21 Февраля 2005	http://www.mchs.gov.ru/articles/emergency_info/digest/item/262591/	
2005	2	18 Февраля 2005	http://www.mchs.gov.ru/articles/emergency_info/digest/item/261557/	
2005	2	17 Февраля 2005	http://www.mchs.gov.ru/articles/emergency_info/digest/item/262620/	
2005	2	16 Февраля 2005	http://www.mchs.gov.ru/articles/emergency_info/digest/item/261858/	
2005	2	15 Февраля 2005	http://www.mchs.gov.ru/articles/emergency_info/digest/item/260562/	
2005	2	14 Февраля 2005	http://www.mchs.gov.ru/articles/emergency_info/digest/item/260332/	
2005	3	31 Марта 2005	http://www.mchs.gov.ru/articles/emergency_info/digest/item/261391/	
2005	3	30 Марта 2005	http://www.mchs.gov.ru/articles/emergency_info/digest/item/261387/	
2005	3	29 Марта 2005	http://www.mchs.gov.ru/articles/emergency_info/digest/item/262297/	
2005	3	28 Марта 2005	http://www.mchs.gov.ru/articles/emergency_info/digest/item/260753/	
2005	3	25 Марта 2005	http://www.mchs.gov.ru/articles/emergency_info/digest/item/261298/	
2005	3	24 Марта 2005	http://www.mchs.gov.ru/articles/emergency_info/digest/item/261097/	
2005	3	23 Марта 2005	http://www.mchs.gov.ru/articles/emergency_info/digest/item/262472/	
2005	3	22 Марта 2005	http://www.mchs.gov.ru/articles/emergency_info/digest/item/261115/	
2005	3	21 Марта 2005	http://www.mchs.gov.ru/articles/emergency_info/digest/item/260241/	
2005	3	18 Марта 2005	http://www.mchs.gov.ru/articles/emergency_info/digest/item/261060/	
2005	4	29 Апреля 2005	http://www.mchs.gov.ru/articles/emergency_info/digest/item/262165/	
2005	4	28 Апреля 2005	http://www.mchs.gov.ru/articles/emergency_info/digest/item/260394/	
2005	4	27 Апреля 2005	http://www.mchs.gov.ru/articles/emergency_info/digest/item/262305/	
2005	4	26 Апреля 2005	http://www.mchs.gov.ru/articles/emergency_info/digest/item/261304/	
2005	4	25 Апреля 2005	http://www.mchs.gov.ru/articles/emergency_info/digest/item/261273/	
2005	4	22 Апреля 2005	http://www.mchs.gov.ru/articles/emergency_info/digest/item/262424/	
2005	4	21 Апреля 2005	http://www.mchs.gov.ru/articles/emergency_info/digest/item/260160/	
2005	4	20 Апреля 2005	http://www.mchs.gov.ru/articles/emergency_info/digest/item/262230/	
2005	4	19 Апреля 2005	http://www.mchs.gov.ru/articles/emergency_info/digest/item/261564/	
2005	4	18 Апреля 2005	http://www.mchs.gov.ru/articles/emergency_info/digest/item/262693/	
2005	5	31 Мая 2005	http://www.mchs.gov.ru/articles/emergency_info/digest/item/262261/	
2005	5	30 Мая 2005	http://www.mchs.gov.ru/articles/emergency_info/digest/item/262235/	
2005	5	27 Мая 2005	http://www.mchs.gov.ru/articles/emergency_info/digest/item/262234/	
2005	5	26 Мая 2005	http://www.mchs.gov.ru/articles/emergency_info/digest/item/261408/	
2005	5	25 Мая 2005	http://www.mchs.gov.ru/articles/emergency_info/digest/item/262399/	
2005	5	24 Мая 2005	http://www.mchs.gov.ru/articles/emergency_info/digest/item/262649/	
2005	5	23 Мая 2005	http://www.mchs.gov.ru/articles/emergency_info/digest/item/262546/	
2005	5	20 Мая 2005	http://www.mchs.gov.ru/articles/emergency_info/digest/item/262665/	
2005	5	19 Мая 2005	http://www.mchs.gov.ru/articles/emergency_info/digest/item/261192/	
2005	5	18 Мая 2005	http://www.mchs.gov.ru/articles/emergency_info/digest/item/262419/	
2005	6	30 Июня 2005	http://www.mchs.gov.ru/articles/emergency_info/digest/item/262622/	
2005	6	29 Июня 2005	http://www.mchs.gov.ru/articles/emergency_info/digest/item/261613/	
2005	6	28 Июня 2005	http://www.mchs.gov.ru/articles/emergency_info/digest/item/261198/	
2005	6	27 Июня 2005	http://www.mchs.gov.ru/articles/emergency_info/digest/item/262569/	
2005	6	24 Июня 2005	http://www.mchs.gov.ru/articles/emergency_info/digest/item/260142/	
2005	6	24 Июня 2005	http://www.mchs.gov.ru/articles/emergency_info/digest/item/261182/	
2005	6	23 Июня 2005	http://www.mchs.gov.ru/articles/emergency_info/digest/item/262290/	
2005	6	23 Июня 2005	http://www.mchs.gov.ru/articles/emergency_info/digest/item/262605/	
2005	6	22 Июня 2005	http://www.mchs.gov.ru/articles/emergency_info/digest/item/262611/	
2005	6	22 Июня 2005	http://www.mchs.gov.ru/articles/emergency_info/digest/item/262690/	
2005	7	29 Июля 2005	http://www.mchs.gov.ru/articles/emergency_info/digest/item/262630/	
2005	7	28 Июля 2005	http://www.mchs.gov.ru/articles/emergency_info/digest/item/261665/	
2005	7	27 Июля 2005	http://www.mchs.gov.ru/articles/emergency_info/digest/item/262360/	
2005	7	26 Июля 2005	http://www.mchs.gov.ru/articles/emergency_info/digest/item/262610/	
2005	7	25 Июля 2005	http://www.mchs.gov.ru/articles/emergency_info/digest/item/262218/	
2005	7	22 Июля 2005	http://www.mchs.gov.ru/articles/emergency_info/digest/item/262198/	
2005	7	21 Июля 2005	http://www.mchs.gov.ru/articles/emergency_info/digest/item/261065/	
2005	7	20 Июля 2005	http://www.mchs.gov.ru/articles/emergency_info/digest/item/262539/	
2005	7	19 Июля 2005	http://www.mchs.gov.ru/articles/emergency_info/digest/item/262345/	
2005	7	18 Июля 2005	http://www.mchs.gov.ru/articles/emergency_info/digest/item/260525/	
2005	8	31 Августа 2005	http://www.mchs.gov.ru/articles/emergency_info/digest/item/261669/	
2005	8	30 Августа 2005	http://www.mchs.gov.ru/articles/emergency_info/digest/item/262449/	
2005	8	29 Августа 2005	http://www.mchs.gov.ru/articles/emergency_info/digest/item/261617/	
2005	8	26 Августа 2005	http://www.mchs.gov.ru/articles/emergency_info/digest/item/260137/	
2005	8	25 Августа 2005	http://www.mchs.gov.ru/articles/emergency_info/digest/item/262670/	
2005	8	24 Августа 2005	http://www.mchs.gov.ru/articles/emergency_info/digest/item/261672/	
2005	8	23 Августа 2005	http://www.mchs.gov.ru/articles/emergency_info/digest/item/260656/	
2005	8	22 Августа 2005	http://www.mchs.gov.ru/articles/emergency_info/digest/item/262269/	
2005	8	19 Августа 2005	http://www.mchs.gov.ru/articles/emergency_info/digest/item/262654/	
2005	8	18 Августа 2005	http://www.mchs.gov.ru/articles/emergency_info/digest/item/262577/	
2005	9	30 Сентября 2005	http://www.mchs.gov.ru/articles/emergency_info/digest/item/261137/	
2005	9	29 Сентября 2005	http://www.mchs.gov.ru/articles/emergency_info/digest/item/260929/	
2005	9	28 Сентября 2005	http://www.mchs.gov.ru/articles/emergency_info/digest/item/262678/	
2005	9	27 Сентября 2005	http://www.mchs.gov.ru/articles/emergency_info/digest/item/260161/	
2005	9	26 Сентября 2005	http://www.mchs.gov.ru/articles/emergency_info/digest/item/261159/	
2005	9	23 Сентября 2005	http://www.mchs.gov.ru/articles/emergency_info/digest/item/262381/	
2005	9	22 Сентября 2005	http://www.mchs.gov.ru/articles/emergency_info/digest/item/261195/	
2005	9	21 Сентября 2005	http://www.mchs.gov.ru/articles/emergency_info/digest/item/262575/	
2005	9	20 Сентября 2005	http://www.mchs.gov.ru/articles/emergency_info/digest/item/262497/	
2005	9	19 Сентября 2005	http://www.mchs.gov.ru/articles/emergency_info/digest/item/260945/	
2005	10	31 Октября 2005	http://www.mchs.gov.ru/articles/emergency_info/digest/item/261599/	
2005	10	26 Октября 2005	http://www.mchs.gov.ru/articles/emergency_info/digest/item/262178/	
2005	10	25 Октября 2005	http://www.mchs.gov.ru/articles/emergency_info/digest/item/262441/	
2005	10	24 Октября 2005	http://www.mchs.gov.ru/articles/emergency_info/digest/item/262639/	
2005	10	21 Октября 2005	http://www.mchs.gov.ru/articles/emergency_info/digest/item/260379/	
2005	10	20 Октября 2005	http://www.mchs.gov.ru/articles/emergency_info/digest/item/262588/	
2005	10	19 Октября 2005	http://www.mchs.gov.ru/articles/emergency_info/digest/item/262394/	
2005	10	18 Октября 2005	http://www.mchs.gov.ru/articles/emergency_info/digest/item/262138/	
2005	10	17 Октября 2005	http://www.mchs.gov.ru/articles/emergency_info/digest/item/262378/	
2005	10	14 Октября 2005	http://www.mchs.gov.ru/articles/emergency_info/digest/item/262487/	
2005	11	29 Ноября 2005	http://www.mchs.gov.ru/articles/emergency_info/digest/item/262568/	
2005	11	28 Ноября 2005	http://www.mchs.gov.ru/articles/emergency_info/digest/item/261594/	
2005	11	25 Ноября 2005	http://www.mchs.gov.ru/articles/emergency_info/digest/item/262684/	
2005	11	23 Ноября 2005	http://www.mchs.gov.ru/articles/emergency_info/digest/item/262616/	
2005	11	21 Ноября 2005	http://www.mchs.gov.ru/articles/emergency_info/digest/item/260706/	
2005	11	18 Ноября 2005	http://www.mchs.gov.ru/articles/emergency_info/digest/item/262398/	
2005	11	17 Ноября 2005	http://www.mchs.gov.ru/articles/emergency_info/digest/item/262687/	
2005	11	16 Ноября 2005	http://www.mchs.gov.ru/articles/emergency_info/digest/item/261237/	
2005	11	15 Ноября 2005	http://www.mchs.gov.ru/articles/emergency_info/digest/item/262536/	
2005	11	14 Ноября 2005	http://www.mchs.gov.ru/articles/emergency_info/digest/item/262506/	
2005	12	30 Декабря 2005	http://www.mchs.gov.ru/articles/emergency_info/digest/item/262516/	
2005	12	29 Декабря 2005	http://www.mchs.gov.ru/articles/emergency_info/digest/item/261679/	
2005	12	28 Декабря 2005	http://www.mchs.gov.ru/articles/emergency_info/digest/item/261191/	
2005	12	27 Декабря 2005	http://www.mchs.gov.ru/articles/emergency_info/digest/item/262228/	
2005	12	23 Декабря 2005	http://www.mchs.gov.ru/articles/emergency_info/digest/item/262142/	
2005	12	22 Декабря 2005	http://www.mchs.gov.ru/articles/emergency_info/digest/item/260152/	
2005	12	21 Декабря 2005	http://www.mchs.gov.ru/articles/emergency_info/digest/item/260574/	
2005	12	20 Декабря 2005	http://www.mchs.gov.ru/articles/emergency_info/digest/item/262529/	
2005	12	19 Декабря 2005	http://www.mchs.gov.ru/articles/emergency_info/digest/item/262499/	
2005	12	16 Декабря 2005	http://www.mchs.gov.ru/articles/emergency_info/digest/item/262164/	
2006	1	31 Января 2006	http://www.mchs.gov.ru/articles/emergency_info/digest/item/262251/	
2006	1	30 Января 2006	http://www.mchs.gov.ru/articles/emergency_info/digest/item/261184/	
2006	1	27 Января 2006	http://www.mchs.gov.ru/articles/emergency_info/digest/item/261492/	
2006	1	26 Января 2006	http://www.mchs.gov.ru/articles/emergency_info/digest/item/262433/	
2006	1	25 Января 2006	http://www.mchs.gov.ru/articles/emergency_info/digest/item/262321/	
2006	1	24 Января 2006	http://www.mchs.gov.ru/articles/emergency_info/digest/item/262274/	
2006	1	23 Января 2006	http://www.mchs.gov.ru/articles/emergency_info/digest/item/262478/	
2006	1	20 Января 2006	http://www.mchs.gov.ru/articles/emergency_info/digest/item/262686/	
2006	1	19 Января 2006	http://www.mchs.gov.ru/articles/emergency_info/digest/item/262451/	
2006	1	18 Января 2006	http://www.mchs.gov.ru/articles/emergency_info/digest/item/260138/	
2006	2	28 Февраля 2006	http://www.mchs.gov.ru/articles/emergency_info/digest/item/262548/	
2006	2	27 Февраля 2006	http://www.mchs.gov.ru/articles/emergency_info/digest/item/260141/	
2006	2	26 Февраля 2006	http://www.mchs.gov.ru/articles/emergency_info/digest/item/262650/	
2006	2	21 Февраля 2006	http://www.mchs.gov.ru/articles/emergency_info/digest/item/261165/	
2006	2	20 Февраля 2006	http://www.mchs.gov.ru/articles/emergency_info/digest/item/260947/	
2006	2	16 Февраля 2006	http://www.mchs.gov.ru/articles/emergency_info/digest/item/262562/	
2006	2	15 Февраля 2006	http://www.mchs.gov.ru/articles/emergency_info/digest/item/262379/	
2006	2	14 Февраля 2006	http://www.mchs.gov.ru/articles/emergency_info/digest/item/261640/	
2006	2	13 Февраля 2006	http://www.mchs.gov.ru/articles/emergency_info/digest/item/261657/	
2006	2	13 Февраля 2006	http://www.mchs.gov.ru/articles/emergency_info/digest/item/262340/	
2006	3	31 Марта 2006	http://www.mchs.gov.ru/articles/emergency_info/digest/item/261414/	
2006	3	30 Марта 2006	http://www.mchs.gov.ru/articles/emergency_info/digest/item/261381/	
2006	3	29 Марта 2006	http://www.mchs.gov.ru/articles/emergency_info/digest/item/262391/	
2006	3	28 Марта 2006	http://www.mchs.gov.ru/articles/emergency_info/digest/item/262380/	
2006	3	27 Марта 2006	http://www.mchs.gov.ru/articles/emergency_info/digest/item/261558/	
2006	3	24 Марта 2006	http://www.mchs.gov.ru/articles/emergency_info/digest/item/260612/	
2006	3	23 Марта 2006	http://www.mchs.gov.ru/articles/emergency_info/digest/item/262276/	
2006	3	22 Марта 2006	http://www.mchs.gov.ru/articles/emergency_info/digest/item/262624/	
2006	3	21 Марта 2006	http://www.mchs.gov.ru/articles/emergency_info/digest/item/260938/	
2006	3	20 Марта 2006	http://www.mchs.gov.ru/articles/emergency_info/digest/item/261930/	
2006	4	28 Апреля 2006	http://www.mchs.gov.ru/articles/emergency_info/digest/item/260125/	
2006	4	27 Апреля 2006	http://www.mchs.gov.ru/articles/emergency_info/digest/item/261138/	
2006	4	26 Апреля 2006	http://www.mchs.gov.ru/articles/emergency_info/digest/item/262430/	
2006	4	25 Апреля 2006	http://www.mchs.gov.ru/articles/emergency_info/digest/item/261388/	
2006	4	24 Апреля 2006	http://www.mchs.gov.ru/articles/emergency_info/digest/item/262205/	
2006	4	21 Апреля 2006	http://www.mchs.gov.ru/articles/emergency_info/digest/item/260582/	
2006	4	20 Апреля 2006	http://www.mchs.gov.ru/articles/emergency_info/digest/item/260132/	
2006	4	19 Апреля 2006	http://www.mchs.gov.ru/articles/emergency_info/digest/item/262129/	
2006	4	18 Апреля 2006	http://www.mchs.gov.ru/articles/emergency_info/digest/item/261674/	
2006	4	17 Апреля 2006	http://www.mchs.gov.ru/articles/emergency_info/digest/item/262336/	
2006	5	31 Мая 2006	http://www.mchs.gov.ru/articles/emergency_info/digest/item/262561/	
2006	5	30 Мая 2006	http://www.mchs.gov.ru/articles/emergency_info/digest/item/262479/	
2006	5	29 Мая 2006	http://www.mchs.gov.ru/articles/emergency_info/digest/item/261190/	
2006	5	26 Мая 2006	http://www.mchs.gov.ru/articles/emergency_info/digest/item/260170/	
2006	5	25 Мая 2006	http://www.mchs.gov.ru/articles/emergency_info/digest/item/261193/	
2006	5	24 Мая 2006	http://www.mchs.gov.ru/articles/emergency_info/digest/item/262236/	
2006	5	23 Мая 2006	http://www.mchs.gov.ru/articles/emergency_info/digest/item/262064/	
2006	5	22 Мая 2006	http://www.mchs.gov.ru/articles/emergency_info/digest/item/261301/	
2006	5	19 Мая 2006	http://www.mchs.gov.ru/articles/emergency_info/digest/item/262547/	
2006	5	18 Мая 2006	http://www.mchs.gov.ru/articles/emergency_info/digest/item/261232/	
2006	6	30 Июня 2006	http://www.mchs.gov.ru/articles/emergency_info/digest/item/262490/	
2006	6	29 Июня 2006	http://www.mchs.gov.ru/articles/emergency_info/digest/item/261430/	
2006	6	28 Июня 2006	http://www.mchs.gov.ru/articles/emergency_info/digest/item/260560/	
2006	6	27 Июня 2006	http://www.mchs.gov.ru/articles/emergency_info/digest/item/262541/	
2006	6	26 Июня 2006	http://www.mchs.gov.ru/articles/emergency_info/digest/item/261483/	
2006	6	24 Июня 2006	http://www.mchs.gov.ru/articles/emergency_info/digest/item/262410/	
2006	6	23 Июня 2006	http://www.mchs.gov.ru/articles/emergency_info/digest/item/262671/	
2006	6	22 Июня 2006	http://www.mchs.gov.ru/articles/emergency_info/digest/item/262567/	
2006	6	21 Июня 2006	http://www.mchs.gov.ru/articles/emergency_info/digest/item/261619/	
2006	6	20 Июня 2006	http://www.mchs.gov.ru/articles/emergency_info/digest/item/262364/	
2006	7	31 Июля 2006	http://www.mchs.gov.ru/articles/emergency_info/digest/item/262520/	
2006	7	28 Июля 2006	http://www.mchs.gov.ru/articles/emergency_info/digest/item/260564/	
2006	7	27 Июля 2006	http://www.mchs.gov.ru/articles/emergency_info/digest/item/262352/	
2006	7	26 Июля 2006	http://www.mchs.gov.ru/articles/emergency_info/digest/item/262608/	
2006	7	25 Июля 2006	http://www.mchs.gov.ru/articles/emergency_info/digest/item/260150/	
2006	7	24 Июля 2006	http://www.mchs.gov.ru/articles/emergency_info/digest/item/261284/	
2006	7	21 Июля 2006	http://www.mchs.gov.ru/articles/emergency_info/digest/item/262498/	
2006	7	20 Июля 2006	http://www.mchs.gov.ru/articles/emergency_info/digest/item/261658/	
2006	7	19 Июля 2006	http://www.mchs.gov.ru/articles/emergency_info/digest/item/260127/	
2006	7	18 Июля 2006	http://www.mchs.gov.ru/articles/emergency_info/digest/item/262626/	
2006	8	31 Августа 2006	http://www.mchs.gov.ru/articles/emergency_info/digest/item/262357/	
2006	8	30 Августа 2006	http://www.mchs.gov.ru/articles/emergency_info/digest/item/262593/	
2006	8	29 Августа 2006	http://www.mchs.gov.ru/articles/emergency_info/digest/item/262682/	
2006	8	28 Августа 2006	http://www.mchs.gov.ru/articles/emergency_info/digest/item/262672/	
2006	8	25 Августа 2006	http://www.mchs.gov.ru/articles/emergency_info/digest/item/262550/	
2006	8	24 Августа 2006	http://www.mchs.gov.ru/articles/emergency_info/digest/item/262689/	
2006	8	23 Августа 2006	http://www.mchs.gov.ru/articles/emergency_info/digest/item/261588/	
2006	8	22 Августа 2006	http://www.mchs.gov.ru/articles/emergency_info/digest/item/260565/	
2006	8	21 Августа 2006	http://www.mchs.gov.ru/articles/emergency_info/digest/item/261392/	
2006	8	18 Августа 2006	http://www.mchs.gov.ru/articles/emergency_info/digest/item/261181/	
2006	9	29 Сентября 2006	http://www.mchs.gov.ru/articles/emergency_info/digest/item/262573/	
2006	9	28 Сентября 2006	http://www.mchs.gov.ru/articles/emergency_info/digest/item/262473/	
2006	9	27 Сентября 2006	http://www.mchs.gov.ru/articles/emergency_info/digest/item/260171/	
2006	9	26 Сентября 2006	http://www.mchs.gov.ru/articles/emergency_info/digest/item/262553/	
2006	9	25 Сентября 2006	http://www.mchs.gov.ru/articles/emergency_info/digest/item/262510/	
2006	9	22 Сентября 2006	http://www.mchs.gov.ru/articles/emergency_info/digest/item/262417/	
2006	9	21 Сентября 2006	http://www.mchs.gov.ru/articles/emergency_info/digest/item/260269/	
2006	9	20 Сентября 2006	http://www.mchs.gov.ru/articles/emergency_info/digest/item/262438/	
2006	9	19 Сентября 2006	http://www.mchs.gov.ru/articles/emergency_info/digest/item/260124/	
2006	9	18 Сентября 2006	http://www.mchs.gov.ru/articles/emergency_info/digest/item/262666/	
2006	10	31 Октября 2006	http://www.mchs.gov.ru/articles/emergency_info/digest/item/262009/	
2006	10	30 Октября 2006	http://www.mchs.gov.ru/articles/emergency_info/digest/item/262132/	
2006	10	27 Октября 2006	http://www.mchs.gov.ru/articles/emergency_info/digest/item/262192/	
2006	10	26 Октября 2006	http://www.mchs.gov.ru/articles/emergency_info/digest/item/260619/	
2006	10	25 Октября 2006	http://www.mchs.gov.ru/articles/emergency_info/digest/item/262443/	
2006	10	24 Октября 2006	http://www.mchs.gov.ru/articles/emergency_info/digest/item/261572/	
2006	10	23 Октября 2006	http://www.mchs.gov.ru/articles/emergency_info/digest/item/262667/	
2006	10	19 Октября 2006	http://www.mchs.gov.ru/articles/emergency_info/digest/item/262356/	
2006	10	17 Октября 2006	http://www.mchs.gov.ru/articles/emergency_info/digest/item/262488/	
2006	10	16 Октября 2006	http://www.mchs.gov.ru/articles/emergency_info/digest/item/262460/	
2006	11	30 Ноября 2006	http://www.mchs.gov.ru/articles/emergency_info/digest/item/260939/	
2006	11	29 Ноября 2006	http://www.mchs.gov.ru/articles/emergency_info/digest/item/261595/	
2006	11	28 Ноября 2006	http://www.mchs.gov.ru/articles/emergency_info/digest/item/262475/	
2006	11	27 Ноября 2006	http://www.mchs.gov.ru/articles/emergency_info/digest/item/262583/	
2006	11	24 Ноября 2006	http://www.mchs.gov.ru/articles/emergency_info/digest/item/262523/	
2006	11	23 Ноября 2006	http://www.mchs.gov.ru/articles/emergency_info/digest/item/262676/	
2006	11	22 Ноября 2006	http://www.mchs.gov.ru/articles/emergency_info/digest/item/261485/	
2006	11	21 Ноября 2006	http://www.mchs.gov.ru/articles/emergency_info/digest/item/262432/	
2006	11	20 Ноября 2006	http://www.mchs.gov.ru/articles/emergency_info/digest/item/262260/	
2006	11	17 Ноября 2006	http://www.mchs.gov.ru/articles/emergency_info/digest/item/260578/	
2006	12	29 Декабря 2006	http://www.mchs.gov.ru/articles/emergency_info/digest/item/262471/	
2006	12	28 Декабря 2006	http://www.mchs.gov.ru/articles/emergency_info/digest/item/262644/	
2006	12	27 Декабря 2006	http://www.mchs.gov.ru/articles/emergency_info/digest/item/262535/	
2006	12	26 Декабря 2006	http://www.mchs.gov.ru/articles/emergency_info/digest/item/262476/	
2006	12	25 Декабря 2006	http://www.mchs.gov.ru/articles/emergency_info/digest/item/262140/	
2006	12	22 Декабря 2006	http://www.mchs.gov.ru/articles/emergency_info/digest/item/260946/	
2006	12	21 Декабря 2006	http://www.mchs.gov.ru/articles/emergency_info/digest/item/261664/	
2006	12	20 Декабря 2006	http://www.mchs.gov.ru/articles/emergency_info/digest/item/262584/	
2006	12	19 Декабря 2006	http://www.mchs.gov.ru/articles/emergency_info/digest/item/262579/	
2006	12	18 Декабря 2006	http://www.mchs.gov.ru/articles/emergency_info/digest/item/262469/	
2007	1	31 Января 2007	http://www.mchs.gov.ru/articles/emergency_info/digest/item/260126/	
2007	1	30 Января 2007	http://www.mchs.gov.ru/articles/emergency_info/digest/item/262255/	
2007	1	29 Января 2007	http://www.mchs.gov.ru/articles/emergency_info/digest/item/260767/	
2007	1	26 Января 2007	http://www.mchs.gov.ru/articles/emergency_info/digest/item/262485/	
2007	1	25 Января 2007	http://www.mchs.gov.ru/articles/emergency_info/digest/item/262504/	
2007	1	24 Января 2007	http://www.mchs.gov.ru/articles/emergency_info/digest/item/261247/	
2007	1	23 Января 2007	http://www.mchs.gov.ru/articles/emergency_info/digest/item/262267/	
2007	1	22 Января 2007	http://www.mchs.gov.ru/articles/emergency_info/digest/item/261281/	
2007	1	19 Января 2007	http://www.mchs.gov.ru/articles/emergency_info/digest/item/262347/	
2007	1	18 Января 2007	http://www.mchs.gov.ru/articles/emergency_info/digest/item/262202/	
2007	2	28 Февраля 2007	http://www.mchs.gov.ru/articles/emergency_info/digest/item/262688/	
2007	2	27 Февраля 2007	http://www.mchs.gov.ru/articles/emergency_info/digest/item/260140/	
2007	2	26 Февраля 2007	http://www.mchs.gov.ru/articles/emergency_info/digest/item/262351/	
2007	2	22 Февраля 2007	http://www.mchs.gov.ru/articles/emergency_info/digest/item/262600/	
2007	2	21 Февраля 2007	http://www.mchs.gov.ru/articles/emergency_info/digest/item/261062/	
2007	2	20 Февраля 2007	http://www.mchs.gov.ru/articles/emergency_info/digest/item/260559/	
2007	2	19 Февраля 2007	http://www.mchs.gov.ru/articles/emergency_info/digest/item/262425/	
2007	2	16 Февраля 2007	http://www.mchs.gov.ru/articles/emergency_info/digest/item/262632/	
2007	2	15 Февраля 2007	http://www.mchs.gov.ru/articles/emergency_info/digest/item/262493/	
2007	2	14 Февраля 2007	http://www.mchs.gov.ru/articles/emergency_info/digest/item/262209/	
2007	3	30 Марта 2007	http://www.mchs.gov.ru/articles/emergency_info/digest/item/260130/	
2007	3	29 Марта 2007	http://www.mchs.gov.ru/articles/emergency_info/digest/item/261382/	
2007	3	28 Марта 2007	http://www.mchs.gov.ru/articles/emergency_info/digest/item/262634/	
2007	3	27 Марта 2007	http://www.mchs.gov.ru/articles/emergency_info/digest/item/261895/	
2007	3	26 Марта 2007	http://www.mchs.gov.ru/articles/emergency_info/digest/item/261620/	
2007	3	23 Марта 2007	http://www.mchs.gov.ru/articles/emergency_info/digest/item/262576/	
2007	3	22 Марта 2007	http://www.mchs.gov.ru/articles/emergency_info/digest/item/261471/	
2007	3	21 Марта 2007	http://www.mchs.gov.ru/articles/emergency_info/digest/item/261490/	
2007	3	20 Марта 2007	http://www.mchs.gov.ru/articles/emergency_info/digest/item/262134/	
2007	3	19 Марта 2007	http://www.mchs.gov.ru/articles/emergency_info/digest/item/262135/	
2007	4	28 Апреля 2007	http://www.mchs.gov.ru/articles/emergency_info/digest/item/260145/	
2007	4	27 Апреля 2007	http://www.mchs.gov.ru/articles/emergency_info/digest/item/262122/	
2007	4	26 Апреля 2007	http://www.mchs.gov.ru/articles/emergency_info/digest/item/262238/	
2007	4	25 Апреля 2007	http://www.mchs.gov.ru/articles/emergency_info/digest/item/260426/	
2007	4	24 Апреля 2007	http://www.mchs.gov.ru/articles/emergency_info/digest/item/261663/	
2007	4	23 Апреля 2007	http://www.mchs.gov.ru/articles/emergency_info/digest/item/262237/	
2007	4	20 Апреля 2007	http://www.mchs.gov.ru/articles/emergency_info/digest/item/262354/	
2007	4	19 Апреля 2007	http://www.mchs.gov.ru/articles/emergency_info/digest/item/262500/	
2007	4	18 Апреля 2007	http://www.mchs.gov.ru/articles/emergency_info/digest/item/261568/	
2007	4	17 Апреля 2007	http://www.mchs.gov.ru/articles/emergency_info/digest/item/262185/	
2007	5	31 Мая 2007	http://www.mchs.gov.ru/articles/emergency_info/digest/item/261074/	
2007	5	30 Мая 2007	http://www.mchs.gov.ru/articles/emergency_info/digest/item/260941/	
2007	5	29 Мая 2007	http://www.mchs.gov.ru/articles/emergency_info/digest/item/262563/	
2007	5	28 Мая 2007	http://www.mchs.gov.ru/articles/emergency_info/digest/item/262408/	
2007	5	25 Мая 2007	http://www.mchs.gov.ru/articles/emergency_info/digest/item/262223/	
2007	5	24 Мая 2007	http://www.mchs.gov.ru/articles/emergency_info/digest/item/262175/	
2007	5	23 Мая 2007	http://www.mchs.gov.ru/articles/emergency_info/digest/item/261440/	
2007	5	22 Мая 2007	http://www.mchs.gov.ru/articles/emergency_info/digest/item/262613/	
2007	5	21 Мая 2007	http://www.mchs.gov.ru/articles/emergency_info/digest/item/260659/	
2007	5	18 Мая 2007	http://www.mchs.gov.ru/articles/emergency_info/digest/item/262692/	
2007	6	29 Июня 2007	http://www.mchs.gov.ru/articles/emergency_info/digest/item/262621/	
2007	6	28 Июня 2007	http://www.mchs.gov.ru/articles/emergency_info/digest/item/262207/	
2007	6	27 Июня 2007	http://www.mchs.gov.ru/articles/emergency_info/digest/item/262521/	
2007	6	26 Июня 2007	http://www.mchs.gov.ru/articles/emergency_info/digest/item/260796/	
2007	6	25 Июня 2007	http://www.mchs.gov.ru/articles/emergency_info/digest/item/261368/	
2007	6	22 Июня 2007	http://www.mchs.gov.ru/articles/emergency_info/digest/item/262386/	
2007	6	21 Июня 2007	http://www.mchs.gov.ru/articles/emergency_info/digest/item/262452/	
2007	6	20 Июня 2007	http://www.mchs.gov.ru/articles/emergency_info/digest/item/262358/	
2007	6	19 Июня 2007	http://www.mchs.gov.ru/articles/emergency_info/digest/item/260937/	
2007	6	18 Июня 2007	http://www.mchs.gov.ru/articles/emergency_info/digest/item/262501/	
2007	7	31 Июля 2007	http://www.mchs.gov.ru/articles/emergency_info/digest/item/262074/	
2007	7	30 Июля 2007	http://www.mchs.gov.ru/articles/emergency_info/digest/item/260885/	
2007	7	27 Июля 2007	http://www.mchs.gov.ru/articles/emergency_info/digest/item/260149/	
2007	7	26 Июля 2007	http://www.mchs.gov.ru/articles/emergency_info/digest/item/261378/	
2007	7	25 Июля 2007	http://www.mchs.gov.ru/articles/emergency_info/digest/item/262466/	
2007	7	24 Июля 2007	http://www.mchs.gov.ru/articles/emergency_info/digest/item/262396/	
2007	7	23 Июля 2007	http://www.mchs.gov.ru/articles/emergency_info/digest/item/262615/	
2007	7	20 Июля 2007	http://www.mchs.gov.ru/articles/emergency_info/digest/item/262411/	
2007	7	19 Июля 2007	http://www.mchs.gov.ru/articles/emergency_info/digest/item/262514/	
2007	7	18 Июля 2007	http://www.mchs.gov.ru/articles/emergency_info/digest/item/260165/	
2007	8	31 Августа 2007	http://www.mchs.gov.ru/articles/emergency_info/digest/item/261393/	
2007	8	30 Августа 2007	http://www.mchs.gov.ru/articles/emergency_info/digest/item/262601/	
2007	8	29 Августа 2007	http://www.mchs.gov.ru/articles/emergency_info/digest/item/262180/	
2007	8	28 Августа 2007	http://www.mchs.gov.ru/articles/emergency_info/digest/item/260591/	
2007	8	28 Августа 2007	http://www.mchs.gov.ru/articles/emergency_info/digest/item/261913/	
2007	8	27 Августа 2007	http://www.mchs.gov.ru/articles/emergency_info/digest/item/261385/	
2007	8	24 Августа 2007	http://www.mchs.gov.ru/articles/emergency_info/digest/item/262277/	
2007	8	23 Августа 2007	http://www.mchs.gov.ru/articles/emergency_info/digest/item/262436/	
2007	8	22 Августа 2007	http://www.mchs.gov.ru/articles/emergency_info/digest/item/261562/	
2007	8	21 Августа 2007	http://www.mchs.gov.ru/articles/emergency_info/digest/item/261671/	
2007	9	28 Сентября 2007	http://www.mchs.gov.ru/articles/emergency_info/digest/item/261164/	
2007	9	27 Сентября 2007	http://www.mchs.gov.ru/articles/emergency_info/digest/item/262233/	
2007	9	26 Сентября 2007	http://www.mchs.gov.ru/articles/emergency_info/digest/item/260174/	
2007	9	25 Сентября 2007	http://www.mchs.gov.ru/articles/emergency_info/digest/item/260590/	
2007	9	25 Сентября 2007	http://www.mchs.gov.ru/articles/emergency_info/digest/item/261201/	
2007	9	24 Сентября 2007	http://www.mchs.gov.ru/articles/emergency_info/digest/item/262540/	
2007	9	21 Сентября 2007	http://www.mchs.gov.ru/articles/emergency_info/digest/item/261576/	
2007	9	20 Сентября 2007	http://www.mchs.gov.ru/articles/emergency_info/digest/item/262231/	
2007	9	19 Сентября 2007	http://www.mchs.gov.ru/articles/emergency_info/digest/item/260158/	
2007	9	18 Сентября 2007	http://www.mchs.gov.ru/articles/emergency_info/digest/item/262141/	
2007	10	31 Октября 2007	http://www.mchs.gov.ru/articles/emergency_info/digest/item/262371/	
2007	10	30 Октября 2007	http://www.mchs.gov.ru/articles/emergency_info/digest/item/262507/	
2007	10	29 Октября 2007	http://www.mchs.gov.ru/articles/emergency_info/digest/item/262445/	
2007	10	26 Октября 2007	http://www.mchs.gov.ru/articles/emergency_info/digest/item/262323/	
2007	10	25 Октября 2007	http://www.mchs.gov.ru/articles/emergency_info/digest/item/261286/	
2007	10	24 Октября 2007	http://www.mchs.gov.ru/articles/emergency_info/digest/item/261565/	
2007	10	23 Октября 2007	http://www.mchs.gov.ru/articles/emergency_info/digest/item/262617/	
2007	10	22 Октября 2007	http://www.mchs.gov.ru/articles/emergency_info/digest/item/261125/	
2007	10	19 Октября 2007	http://www.mchs.gov.ru/articles/emergency_info/digest/item/262457/	
2007	10	18 Октября 2007	http://www.mchs.gov.ru/articles/emergency_info/digest/item/260383/	
2007	11	30 Ноября 2007	http://www.mchs.gov.ru/articles/emergency_info/digest/item/262012/	
2007	11	29 Ноября 2007	http://www.mchs.gov.ru/articles/emergency_info/digest/item/261176/	
2007	11	28 Ноября 2007	http://www.mchs.gov.ru/articles/emergency_info/digest/item/262374/	
2007	11	27 Ноября 2007	http://www.mchs.gov.ru/articles/emergency_info/digest/item/262121/	
2007	11	26 Ноября 2007	http://www.mchs.gov.ru/articles/emergency_info/digest/item/262467/	
2007	11	25 Ноября 2007	http://www.mchs.gov.ru/articles/emergency_info/digest/item/261580/	
2007	11	24 Ноября 2007	http://www.mchs.gov.ru/articles/emergency_info/digest/item/260159/	
2007	11	23 Ноября 2007	http://www.mchs.gov.ru/articles/emergency_info/digest/item/262555/	
2007	11	22 Ноября 2007	http://www.mchs.gov.ru/articles/emergency_info/digest/item/262344/	
2007	11	21 Ноября 2007	http://www.mchs.gov.ru/articles/emergency_info/digest/item/262459/	
2007	12	31 Декабря 2007	http://www.mchs.gov.ru/articles/emergency_info/digest/item/260169/	
2007	12	30 Декабря 2007	http://www.mchs.gov.ru/articles/emergency_info/digest/item/262675/	
2007	12	29 Декабря 2007	http://www.mchs.gov.ru/articles/emergency_info/digest/item/261472/	
2007	12	28 Декабря 2007	http://www.mchs.gov.ru/articles/emergency_info/digest/item/261666/	
2007	12	27 Декабря 2007	http://www.mchs.gov.ru/articles/emergency_info/digest/item/260720/	
2007	12	26 Декабря 2007	http://www.mchs.gov.ru/articles/emergency_info/digest/item/260951/	
2007	12	25 Декабря 2007	http://www.mchs.gov.ru/articles/emergency_info/digest/item/262680/	
2007	12	24 Декабря 2007	http://www.mchs.gov.ru/articles/emergency_info/digest/item/260164/	
2007	12	23 Декабря 2007	http://www.mchs.gov.ru/articles/emergency_info/digest/item/262385/	
2007	12	22 Декабря 2007	http://www.mchs.gov.ru/articles/emergency_info/digest/item/261574/	
2008	1	31 Января 2008	http://www.mchs.gov.ru/articles/emergency_info/digest/item/262502/	
2008	1	30 Января 2008	http://www.mchs.gov.ru/articles/emergency_info/digest/item/260321/	
2008	1	29 Января 2008	http://www.mchs.gov.ru/articles/emergency_info/digest/item/262194/	
2008	1	28 Января 2008	http://www.mchs.gov.ru/articles/emergency_info/digest/item/261429/	
2008	1	27 Января 2008	http://www.mchs.gov.ru/articles/emergency_info/digest/item/261578/	
2008	1	26 Января 2008	http://www.mchs.gov.ru/articles/emergency_info/digest/item/262515/	
2008	1	25 Января 2008	http://www.mchs.gov.ru/articles/emergency_info/digest/item/261737/	
2008	1	24 Января 2008	http://www.mchs.gov.ru/articles/emergency_info/digest/item/262162/	
2008	1	23 Января 2008	http://www.mchs.gov.ru/articles/emergency_info/digest/item/260943/	
2008	1	22 Января 2008	http://www.mchs.gov.ru/articles/emergency_info/digest/item/260123/	
2008	2	29 Февраля 2008	http://www.mchs.gov.ru/articles/emergency_info/digest/item/261152/	
2008	2	28 Февраля 2008	http://www.mchs.gov.ru/articles/emergency_info/digest/item/262464/	
2008	2	27 Февраля 2008	http://www.mchs.gov.ru/articles/emergency_info/digest/item/261452/	
2008	2	26 Февраля 2008	http://www.mchs.gov.ru/articles/emergency_info/digest/item/262208/	
2008	2	25 Февраля 2008	http://www.mchs.gov.ru/articles/emergency_info/digest/item/261185/	
2008	2	24 Февраля 2008	http://www.mchs.gov.ru/articles/emergency_info/digest/item/260569/	
2008	2	23 Февраля 2008	http://www.mchs.gov.ru/articles/emergency_info/digest/item/262232/	
2008	2	22 Февраля 2008	http://www.mchs.gov.ru/articles/emergency_info/digest/item/262508/	
2008	2	21 Февраля 2008	http://www.mchs.gov.ru/articles/emergency_info/digest/item/260579/	
2008	2	20 Февраля 2008	http://www.mchs.gov.ru/articles/emergency_info/digest/item/262156/	
2008	3	31 Марта 2008	http://www.mchs.gov.ru/articles/emergency_info/digest/item/261803/	
2008	3	30 Марта 2008	http://www.mchs.gov.ru/articles/emergency_info/digest/item/261844/	
2008	3	29 Марта 2008	http://www.mchs.gov.ru/articles/emergency_info/digest/item/261843/	
2008	3	28 Марта 2008	http://www.mchs.gov.ru/articles/emergency_info/digest/item/261805/	
2008	3	27 Марта 2008	http://www.mchs.gov.ru/articles/emergency_info/digest/item/261806/	
2008	3	26 Марта 2008	http://www.mchs.gov.ru/articles/emergency_info/digest/item/261841/	
2008	3	24 Марта 2008	http://www.mchs.gov.ru/articles/emergency_info/digest/item/261808/	
2008	3	23 Марта 2008	http://www.mchs.gov.ru/articles/emergency_info/digest/item/261810/	
2008	3	22 Марта 2008	http://www.mchs.gov.ru/articles/emergency_info/digest/item/261812/	
2008	3	21 Марта 2008	http://www.mchs.gov.ru/articles/emergency_info/digest/item/261814/	
2008	4	30 Апреля 2008	http://www.mchs.gov.ru/articles/emergency_info/digest/item/261880/	
2008	4	29 Апреля 2008	http://www.mchs.gov.ru/articles/emergency_info/digest/item/261871/	
2008	4	28 Апреля 2008	http://www.mchs.gov.ru/articles/emergency_info/digest/item/261865/	
2008	4	27 Апреля 2008	http://www.mchs.gov.ru/articles/emergency_info/digest/item/261864/	
2008	4	26 Апреля 2008	http://www.mchs.gov.ru/articles/emergency_info/digest/item/261862/	
2008	4	25 Апреля 2008	http://www.mchs.gov.ru/articles/emergency_info/digest/item/261855/	
2008	4	24 Апреля 2008	http://www.mchs.gov.ru/articles/emergency_info/digest/item/261853/	
2008	4	23 Апреля 2008	http://www.mchs.gov.ru/articles/emergency_info/digest/item/261851/	
2008	4	22 Апреля 2008	http://www.mchs.gov.ru/articles/emergency_info/digest/item/261821/	
2008	4	21 Апреля 2008	http://www.mchs.gov.ru/articles/emergency_info/digest/item/261772/	
2008	5	31 Мая 2008	http://www.mchs.gov.ru/articles/emergency_info/digest/item/262051/	
2008	5	30 Мая 2008	http://www.mchs.gov.ru/articles/emergency_info/digest/item/262043/	
2008	5	29 Мая 2008	http://www.mchs.gov.ru/articles/emergency_info/digest/item/262035/	
2008	5	28 Мая 2008	http://www.mchs.gov.ru/articles/emergency_info/digest/item/262029/	
2008	5	27 Мая 2008	http://www.mchs.gov.ru/articles/emergency_info/digest/item/262018/	
2008	5	26 Мая 2008	http://www.mchs.gov.ru/articles/emergency_info/digest/item/262005/	
2008	5	25 Мая 2008	http://www.mchs.gov.ru/articles/emergency_info/digest/item/262003/	
2008	5	24 Мая 2008	http://www.mchs.gov.ru/articles/emergency_info/digest/item/262000/	
2008	5	23 Мая 2008	http://www.mchs.gov.ru/articles/emergency_info/digest/item/261991/	
2008	5	22 Мая 2008	http://www.mchs.gov.ru/articles/emergency_info/digest/item/261978/	
2008	6	30 Июня 2008	http://www.mchs.gov.ru/articles/emergency_info/digest/item/262155/	
2008	6	29 Июня 2008	http://www.mchs.gov.ru/articles/emergency_info/digest/item/262154/	
2008	6	28 Июня 2008	http://www.mchs.gov.ru/articles/emergency_info/digest/item/262153/	
2008	6	27 Июня 2008	http://www.mchs.gov.ru/articles/emergency_info/digest/item/262152/	
2008	6	26 Июня 2008	http://www.mchs.gov.ru/articles/emergency_info/digest/item/262151/	
2008	6	25 Июня 2008	http://www.mchs.gov.ru/articles/emergency_info/digest/item/262149/	
2008	6	24 Июня 2008	http://www.mchs.gov.ru/articles/emergency_info/digest/item/262130/	
2008	6	23 Июня 2008	http://www.mchs.gov.ru/articles/emergency_info/digest/item/262128/	
2008	6	22 Июня 2008	http://www.mchs.gov.ru/articles/emergency_info/digest/item/262158/	
2008	6	21 Июня 2008	http://www.mchs.gov.ru/articles/emergency_info/digest/item/262157/	
2008	7	31 Июля 2008	http://www.mchs.gov.ru/articles/emergency_info/digest/item/262221/	
2008	7	30 Июля 2008	http://www.mchs.gov.ru/articles/emergency_info/digest/item/262220/	
2008	7	29 Июля 2008	http://www.mchs.gov.ru/articles/emergency_info/digest/item/262219/	
2008	7	28 Июля 2008	http://www.mchs.gov.ru/articles/emergency_info/digest/item/262217/	
2008	7	27 Июля 2008	http://www.mchs.gov.ru/articles/emergency_info/digest/item/262216/	
2008	7	26 Июля 2008	http://www.mchs.gov.ru/articles/emergency_info/digest/item/262215/	
2008	7	25 Июля 2008	http://www.mchs.gov.ru/articles/emergency_info/digest/item/262213/	
2008	7	24 Июля 2008	http://www.mchs.gov.ru/articles/emergency_info/digest/item/262212/	
2008	7	23 Июля 2008	http://www.mchs.gov.ru/articles/emergency_info/digest/item/262210/	
2008	7	22 Июля 2008	http://www.mchs.gov.ru/articles/emergency_info/digest/item/262204/	
2008	8	31 Августа 2008	http://www.mchs.gov.ru/articles/emergency_info/digest/item/262294/	
2008	8	30 Августа 2008	http://www.mchs.gov.ru/articles/emergency_info/digest/item/262293/	
2008	8	29 Августа 2008	http://www.mchs.gov.ru/articles/emergency_info/digest/item/262292/	
2008	8	28 Августа 2008	http://www.mchs.gov.ru/articles/emergency_info/digest/item/262289/	
2008	8	27 Августа 2008	http://www.mchs.gov.ru/articles/emergency_info/digest/item/262286/	
2008	8	26 Августа 2008	http://www.mchs.gov.ru/articles/emergency_info/digest/item/262283/	
2008	8	26 Августа 2008	http://www.mchs.gov.ru/articles/emergency_info/digest/item/262284/	
2008	8	25 Августа 2008	http://www.mchs.gov.ru/articles/emergency_info/digest/item/262282/	
2008	8	24 Августа 2008	http://www.mchs.gov.ru/articles/emergency_info/digest/item/262281/	
2008	8	23 Августа 2008	http://www.mchs.gov.ru/articles/emergency_info/digest/item/262280/	
2008	9	30 Сентября 2008	http://www.mchs.gov.ru/articles/emergency_info/digest/item/262332/	
2008	9	29 Сентября 2008	http://www.mchs.gov.ru/articles/emergency_info/digest/item/262331/	
2008	9	28 Сентября 2008	http://www.mchs.gov.ru/articles/emergency_info/digest/item/262329/	
2008	9	27 Сентября 2008	http://www.mchs.gov.ru/articles/emergency_info/digest/item/262328/	
2008	9	26 Сентября 2008	http://www.mchs.gov.ru/articles/emergency_info/digest/item/262327/	
2008	9	25 Сентября 2008	http://www.mchs.gov.ru/articles/emergency_info/digest/item/262326/	
2008	9	24 Сентября 2008	http://www.mchs.gov.ru/articles/emergency_info/digest/item/262325/	
2008	9	23 Сентября 2008	http://www.mchs.gov.ru/articles/emergency_info/digest/item/262324/	
2008	9	22 Сентября 2008	http://www.mchs.gov.ru/articles/emergency_info/digest/item/262320/	
2008	9	21 Сентября 2008	http://www.mchs.gov.ru/articles/emergency_info/digest/item/262319/	
2008	10	31 Октября 2008	http://www.mchs.gov.ru/articles/emergency_info/digest/item/260197/	
2008	10	30 Октября 2008	http://www.mchs.gov.ru/articles/emergency_info/digest/item/260196/	
2008	10	29 Октября 2008	http://www.mchs.gov.ru/articles/emergency_info/digest/item/260193/	
2008	10	28 Октября 2008	http://www.mchs.gov.ru/articles/emergency_info/digest/item/260192/	
2008	10	27 Октября 2008	http://www.mchs.gov.ru/articles/emergency_info/digest/item/260191/	
2008	10	26 Октября 2008	http://www.mchs.gov.ru/articles/emergency_info/digest/item/260195/	
2008	10	25 Октября 2008	http://www.mchs.gov.ru/articles/emergency_info/digest/item/260190/	
2008	10	24 Октября 2008	http://www.mchs.gov.ru/articles/emergency_info/digest/item/260189/	
2008	10	23 Октября 2008	http://www.mchs.gov.ru/articles/emergency_info/digest/item/260188/	
2008	10	22 Октября 2008	http://www.mchs.gov.ru/articles/emergency_info/digest/item/260187/	
2008	11	30 Ноября 2008	http://www.mchs.gov.ru/articles/emergency_info/digest/item/260229/	
2008	11	29 Ноября 2008	http://www.mchs.gov.ru/articles/emergency_info/digest/item/260228/	
2008	11	28 Ноября 2008	http://www.mchs.gov.ru/articles/emergency_info/digest/item/260227/	
2008	11	27 Ноября 2008	http://www.mchs.gov.ru/articles/emergency_info/digest/item/260226/	
2008	11	26 Ноября 2008	http://www.mchs.gov.ru/articles/emergency_info/digest/item/260225/	
2008	11	25 Ноября 2008	http://www.mchs.gov.ru/articles/emergency_info/digest/item/260224/	
2008	11	24 Ноября 2008	http://www.mchs.gov.ru/articles/emergency_info/digest/item/260223/	
2008	11	23 Ноября 2008	http://www.mchs.gov.ru/articles/emergency_info/digest/item/260221/	
2008	11	22 Ноября 2008	http://www.mchs.gov.ru/articles/emergency_info/digest/item/260220/	
2008	11	21 Ноября 2008	http://www.mchs.gov.ru/articles/emergency_info/digest/item/260219/	
2008	12	31 Декабря 2008	http://www.mchs.gov.ru/articles/emergency_info/digest/item/260283/	
2008	12	30 Декабря 2008	http://www.mchs.gov.ru/articles/emergency_info/digest/item/260282/	
2008	12	29 Декабря 2008	http://www.mchs.gov.ru/articles/emergency_info/digest/item/260281/	
2008	12	28 Декабря 2008	http://www.mchs.gov.ru/articles/emergency_info/digest/item/260279/	
2008	12	27 Декабря 2008	http://www.mchs.gov.ru/articles/emergency_info/digest/item/260278/	
2008	12	26 Декабря 2008	http://www.mchs.gov.ru/articles/emergency_info/digest/item/260277/	
2008	12	25 Декабря 2008	http://www.mchs.gov.ru/articles/emergency_info/digest/item/260276/	
2008	12	24 Декабря 2008	http://www.mchs.gov.ru/articles/emergency_info/digest/item/260275/	
2008	12	23 Декабря 2008	http://www.mchs.gov.ru/articles/emergency_info/digest/item/260274/	
2008	12	22 Декабря 2008	http://www.mchs.gov.ru/articles/emergency_info/digest/item/260272/	
2009	1	31 Января 2009	http://www.mchs.gov.ru/articles/emergency_info/digest/item/260326/	
2009	1	30 Января 2009	http://www.mchs.gov.ru/articles/emergency_info/digest/item/260325/	
2009	1	29 Января 2009	http://www.mchs.gov.ru/articles/emergency_info/digest/item/260324/	
2009	1	28 Января 2009	http://www.mchs.gov.ru/articles/emergency_info/digest/item/260323/	
2009	1	27 Января 2009	http://www.mchs.gov.ru/articles/emergency_info/digest/item/260322/	
2009	1	26 Января 2009	http://www.mchs.gov.ru/articles/emergency_info/digest/item/260320/	
2009	1	25 Января 2009	http://www.mchs.gov.ru/articles/emergency_info/digest/item/260319/	
2009	1	24 Января 2009	http://www.mchs.gov.ru/articles/emergency_info/digest/item/260318/	
2009	1	23 Января 2009	http://www.mchs.gov.ru/articles/emergency_info/digest/item/260317/	
2009	1	22 Января 2009	http://www.mchs.gov.ru/articles/emergency_info/digest/item/260316/	
2009	2	28 Февраля 2009	http://www.mchs.gov.ru/articles/emergency_info/digest/item/260367/	
2009	2	27 Февраля 2009	http://www.mchs.gov.ru/articles/emergency_info/digest/item/260365/	
2009	2	26 Февраля 2009	http://www.mchs.gov.ru/articles/emergency_info/digest/item/260364/	
2009	2	25 Февраля 2009	http://www.mchs.gov.ru/articles/emergency_info/digest/item/260363/	
2009	2	24 Февраля 2009	http://www.mchs.gov.ru/articles/emergency_info/digest/item/260361/	
2009	2	23 Февраля 2009	http://www.mchs.gov.ru/articles/emergency_info/digest/item/260360/	
2009	2	22 Февраля 2009	http://www.mchs.gov.ru/articles/emergency_info/digest/item/260359/	
2009	2	21 Февраля 2009	http://www.mchs.gov.ru/articles/emergency_info/digest/item/260358/	
2009	2	20 Февраля 2009	http://www.mchs.gov.ru/articles/emergency_info/digest/item/260357/	
2009	2	19 Февраля 2009	http://www.mchs.gov.ru/articles/emergency_info/digest/item/260355/	
2009	3	31 Марта 2009	http://www.mchs.gov.ru/articles/emergency_info/digest/item/260411/	
2009	3	30 Марта 2009	http://www.mchs.gov.ru/articles/emergency_info/digest/item/260409/	
2009	3	29 Марта 2009	http://www.mchs.gov.ru/articles/emergency_info/digest/item/260408/	
2009	3	28 Марта 2009	http://www.mchs.gov.ru/articles/emergency_info/digest/item/260407/	
2009	3	27 Марта 2009	http://www.mchs.gov.ru/articles/emergency_info/digest/item/260406/	
2009	3	26 Марта 2009	http://www.mchs.gov.ru/articles/emergency_info/digest/item/260404/	
2009	3	25 Марта 2009	http://www.mchs.gov.ru/articles/emergency_info/digest/item/260403/	
2009	3	24 Марта 2009	http://www.mchs.gov.ru/articles/emergency_info/digest/item/260401/	
2009	3	23 Марта 2009	http://www.mchs.gov.ru/articles/emergency_info/digest/item/260400/	
2009	3	22 Марта 2009	http://www.mchs.gov.ru/articles/emergency_info/digest/item/260399/	
2009	4	30 Апреля 2009	http://www.mchs.gov.ru/articles/emergency_info/digest/item/260457/	
2009	4	29 Апреля 2009	http://www.mchs.gov.ru/articles/emergency_info/digest/item/260455/	
2009	4	28 Апреля 2009	http://www.mchs.gov.ru/articles/emergency_info/digest/item/260454/	
2009	4	27 Апреля 2009	http://www.mchs.gov.ru/articles/emergency_info/digest/item/260453/	
2009	4	26 Апреля 2009	http://www.mchs.gov.ru/articles/emergency_info/digest/item/260452/	
2009	4	25 Апреля 2009	http://www.mchs.gov.ru/articles/emergency_info/digest/item/260450/	
2009	4	24 Апреля 2009	http://www.mchs.gov.ru/articles/emergency_info/digest/item/260449/	
2009	4	23 Апреля 2009	http://www.mchs.gov.ru/articles/emergency_info/digest/item/260448/	
2009	4	22 Апреля 2009	http://www.mchs.gov.ru/articles/emergency_info/digest/item/260446/	
2009	4	21 Апреля 2009	http://www.mchs.gov.ru/articles/emergency_info/digest/item/260442/	
2009	5	31 Мая 2009	http://www.mchs.gov.ru/articles/emergency_info/digest/item/260508/	
2009	5	30 Мая 2009	http://www.mchs.gov.ru/articles/emergency_info/digest/item/260507/	
2009	5	29 Мая 2009	http://www.mchs.gov.ru/articles/emergency_info/digest/item/260503/	
2009	5	28 Мая 2009	http://www.mchs.gov.ru/articles/emergency_info/digest/item/260500/	
2009	5	27 Мая 2009	http://www.mchs.gov.ru/articles/emergency_info/digest/item/260498/	
2009	5	26 Мая 2009	http://www.mchs.gov.ru/articles/emergency_info/digest/item/260495/	
2009	5	25 Мая 2009	http://www.mchs.gov.ru/articles/emergency_info/digest/item/260494/	
2009	5	24 Мая 2009	http://www.mchs.gov.ru/articles/emergency_info/digest/item/260493/	
2009	5	23 Мая 2009	http://www.mchs.gov.ru/articles/emergency_info/digest/item/260492/	
2009	5	22 Мая 2009	http://www.mchs.gov.ru/articles/emergency_info/digest/item/260490/	
2009	6	30 Июня 2009	http://www.mchs.gov.ru/articles/emergency_info/digest/item/260601/	
2009	6	29 Июня 2009	http://www.mchs.gov.ru/articles/emergency_info/digest/item/260595/	
2009	6	28 Июня 2009	http://www.mchs.gov.ru/articles/emergency_info/digest/item/260594/	
2009	6	27 Июня 2009	http://www.mchs.gov.ru/articles/emergency_info/digest/item/260593/	
2009	6	26 Июня 2009	http://www.mchs.gov.ru/articles/emergency_info/digest/item/260589/	
2009	6	25 Июня 2009	http://www.mchs.gov.ru/articles/emergency_info/digest/item/260556/	
2009	6	24 Июня 2009	http://www.mchs.gov.ru/articles/emergency_info/digest/item/260553/	
2009	6	23 Июня 2009	http://www.mchs.gov.ru/articles/emergency_info/digest/item/260552/	
2009	6	22 Июня 2009	http://www.mchs.gov.ru/articles/emergency_info/digest/item/260550/	
2009	6	21 Июня 2009	http://www.mchs.gov.ru/articles/emergency_info/digest/item/260549/	
2009	7	31 Июля 2009	http://www.mchs.gov.ru/articles/emergency_info/digest/item/260663/	
2009	7	30 Июля 2009	http://www.mchs.gov.ru/articles/emergency_info/digest/item/260662/	
2009	7	29 Июля 2009	http://www.mchs.gov.ru/articles/emergency_info/digest/item/260655/	
2009	7	28 Июля 2009	http://www.mchs.gov.ru/articles/emergency_info/digest/item/260654/	
2009	7	27 Июля 2009	http://www.mchs.gov.ru/articles/emergency_info/digest/item/260653/	
2009	7	26 Июля 2009	http://www.mchs.gov.ru/articles/emergency_info/digest/item/260652/	
2009	7	25 Июля 2009	http://www.mchs.gov.ru/articles/emergency_info/digest/item/260651/	
2009	7	24 Июля 2009	http://www.mchs.gov.ru/articles/emergency_info/digest/item/260648/	
2009	7	23 Июля 2009	http://www.mchs.gov.ru/articles/emergency_info/digest/item/260646/	
2009	7	22 Июля 2009	http://www.mchs.gov.ru/articles/emergency_info/digest/item/260644/	
2009	8	31 Августа 2009	http://www.mchs.gov.ru/articles/emergency_info/digest/item/260712/	
2009	8	30 Августа 2009	http://www.mchs.gov.ru/articles/emergency_info/digest/item/260711/	
2009	8	29 Августа 2009	http://www.mchs.gov.ru/articles/emergency_info/digest/item/260710/	
2009	8	28 Августа 2009	http://www.mchs.gov.ru/articles/emergency_info/digest/item/260708/	
2009	8	27 Августа 2009	http://www.mchs.gov.ru/articles/emergency_info/digest/item/260707/	
2009	8	26 Августа 2009	http://www.mchs.gov.ru/articles/emergency_info/digest/item/260704/	
2009	8	25 Августа 2009	http://www.mchs.gov.ru/articles/emergency_info/digest/item/260703/	
2009	8	24 Августа 2009	http://www.mchs.gov.ru/articles/emergency_info/digest/item/260702/	
2009	8	23 Августа 2009	http://www.mchs.gov.ru/articles/emergency_info/digest/item/260701/	
2009	8	22 Августа 2009	http://www.mchs.gov.ru/articles/emergency_info/digest/item/260699/	
2009	9	30 Сентября 2009	http://www.mchs.gov.ru/articles/emergency_info/digest/item/260765/	
2009	9	29 Сентября 2009	http://www.mchs.gov.ru/articles/emergency_info/digest/item/260762/	
2009	9	28 Сентября 2009	http://www.mchs.gov.ru/articles/emergency_info/digest/item/260761/	
2009	9	27 Сентября 2009	http://www.mchs.gov.ru/articles/emergency_info/digest/item/260760/	
2009	9	26 Сентября 2009	http://www.mchs.gov.ru/articles/emergency_info/digest/item/260759/	
2009	9	25 Сентября 2009	http://www.mchs.gov.ru/articles/emergency_info/digest/item/260758/	
2009	9	24 Сентября 2009	http://www.mchs.gov.ru/articles/emergency_info/digest/item/260756/	
2009	9	23 Сентября 2009	http://www.mchs.gov.ru/articles/emergency_info/digest/item/260755/	
2009	9	22 Сентября 2009	http://www.mchs.gov.ru/articles/emergency_info/digest/item/260751/	
2009	9	21 Сентября 2009	http://www.mchs.gov.ru/articles/emergency_info/digest/item/260750/	
2009	10	31 Октября 2009	http://www.mchs.gov.ru/articles/emergency_info/digest/item/260813/	
2009	10	30 Октября 2009	http://www.mchs.gov.ru/articles/emergency_info/digest/item/260811/	
2009	10	29 Октября 2009	http://www.mchs.gov.ru/articles/emergency_info/digest/item/260809/	
2009	10	28 Октября 2009	http://www.mchs.gov.ru/articles/emergency_info/digest/item/260807/	
2009	10	27 Октября 2009	http://www.mchs.gov.ru/articles/emergency_info/digest/item/260805/	
2009	10	26 Октября 2009	http://www.mchs.gov.ru/articles/emergency_info/digest/item/260804/	
2009	10	25 Октября 2009	http://www.mchs.gov.ru/articles/emergency_info/digest/item/260803/	
2009	10	24 Октября 2009	http://www.mchs.gov.ru/articles/emergency_info/digest/item/260802/	
2009	10	23 Октября 2009	http://www.mchs.gov.ru/articles/emergency_info/digest/item/260800/	
2009	10	22 Октября 2009	http://www.mchs.gov.ru/articles/emergency_info/digest/item/260799/	
2009	11	30 Ноября 2009	http://www.mchs.gov.ru/articles/emergency_info/digest/item/260851/	
2009	11	29 Ноября 2009	http://www.mchs.gov.ru/articles/emergency_info/digest/item/260850/	
2009	11	28 Ноября 2009	http://www.mchs.gov.ru/articles/emergency_info/digest/item/260849/	
2009	11	27 Ноября 2009	http://www.mchs.gov.ru/articles/emergency_info/digest/item/260847/	
2009	11	26 Ноября 2009	http://www.mchs.gov.ru/articles/emergency_info/digest/item/260846/	
2009	11	25 Ноября 2009	http://www.mchs.gov.ru/articles/emergency_info/digest/item/260845/	
2009	11	24 Ноября 2009	http://www.mchs.gov.ru/articles/emergency_info/digest/item/260844/	
2009	11	23 Ноября 2009	http://www.mchs.gov.ru/articles/emergency_info/digest/item/260842/	
2009	11	22 Ноября 2009	http://www.mchs.gov.ru/articles/emergency_info/digest/item/260841/	
2009	11	21 Ноября 2009	http://www.mchs.gov.ru/articles/emergency_info/digest/item/260839/	
2009	12	31 Декабря 2009	http://www.mchs.gov.ru/articles/emergency_info/digest/item/260894/	
2009	12	30 Декабря 2009	http://www.mchs.gov.ru/articles/emergency_info/digest/item/260893/	
2009	12	29 Декабря 2009	http://www.mchs.gov.ru/articles/emergency_info/digest/item/260891/	
2009	12	28 Декабря 2009	http://www.mchs.gov.ru/articles/emergency_info/digest/item/260889/	
2009	12	27 Декабря 2009	http://www.mchs.gov.ru/articles/emergency_info/digest/item/260888/	
2009	12	26 Декабря 2009	http://www.mchs.gov.ru/articles/emergency_info/digest/item/260887/	
2009	12	25 Декабря 2009	http://www.mchs.gov.ru/articles/emergency_info/digest/item/260886/	
2009	12	24 Декабря 2009	http://www.mchs.gov.ru/articles/emergency_info/digest/item/260884/	
2009	12	23 Декабря 2009	http://www.mchs.gov.ru/articles/emergency_info/digest/item/260883/	
2009	12	22 Декабря 2009	http://www.mchs.gov.ru/articles/emergency_info/digest/item/260882/	
2010	1	31 Января 2010	http://www.mchs.gov.ru/articles/emergency_info/digest/item/260932/	
2010	1	30 Января 2010	http://www.mchs.gov.ru/articles/emergency_info/digest/item/260931/	
2010	1	29 Января 2010	http://www.mchs.gov.ru/articles/emergency_info/digest/item/260930/	
2010	1	28 Января 2010	http://www.mchs.gov.ru/articles/emergency_info/digest/item/260928/	
2010	1	27 Января 2010	http://www.mchs.gov.ru/articles/emergency_info/digest/item/260927/	
2010	1	26 Января 2010	http://www.mchs.gov.ru/articles/emergency_info/digest/item/260926/	
2010	1	25 Января 2010	http://www.mchs.gov.ru/articles/emergency_info/digest/item/260925/	
2010	1	24 Января 2010	http://www.mchs.gov.ru/articles/emergency_info/digest/item/260924/	
2010	1	23 Января 2010	http://www.mchs.gov.ru/articles/emergency_info/digest/item/260923/	
2010	1	22 Января 2010	http://www.mchs.gov.ru/articles/emergency_info/digest/item/260922/	
2010	2	28 Февраля 2010	http://www.mchs.gov.ru/articles/emergency_info/digest/item/260983/	
2010	2	27 Февраля 2010	http://www.mchs.gov.ru/articles/emergency_info/digest/item/260981/	
2010	2	26 Февраля 2010	http://www.mchs.gov.ru/articles/emergency_info/digest/item/260980/	
2010	2	25 Февраля 2010	http://www.mchs.gov.ru/articles/emergency_info/digest/item/260978/	
2010	2	24 Февраля 2010	http://www.mchs.gov.ru/articles/emergency_info/digest/item/260976/	
2010	2	23 Февраля 2010	http://www.mchs.gov.ru/articles/emergency_info/digest/item/260977/	
2010	2	22 Февраля 2010	http://www.mchs.gov.ru/articles/emergency_info/digest/item/260975/	
2010	2	21 Февраля 2010	http://www.mchs.gov.ru/articles/emergency_info/digest/item/260974/	
2010	2	20 Февраля 2010	http://www.mchs.gov.ru/articles/emergency_info/digest/item/260973/	
2010	2	19 Февраля 2010	http://www.mchs.gov.ru/articles/emergency_info/digest/item/260972/	
2010	3	31 Марта 2010	http://www.mchs.gov.ru/articles/emergency_info/digest/item/261022/	
2010	3	30 Марта 2010	http://www.mchs.gov.ru/articles/emergency_info/digest/item/261023/	
2010	3	29 Марта 2010	http://www.mchs.gov.ru/articles/emergency_info/digest/item/261021/	
2010	3	28 Марта 2010	http://www.mchs.gov.ru/articles/emergency_info/digest/item/261019/	
2010	3	27 Марта 2010	http://www.mchs.gov.ru/articles/emergency_info/digest/item/261018/	
2010	3	26 Марта 2010	http://www.mchs.gov.ru/articles/emergency_info/digest/item/261017/	
2010	3	25 Марта 2010	http://www.mchs.gov.ru/articles/emergency_info/digest/item/261016/	
2010	3	24 Марта 2010	http://www.mchs.gov.ru/articles/emergency_info/digest/item/261015/	
2010	3	23 Марта 2010	http://www.mchs.gov.ru/articles/emergency_info/digest/item/261014/	
2010	3	22 Марта 2010	http://www.mchs.gov.ru/articles/emergency_info/digest/item/261013/	
2010	4	30 Апреля 2010	http://www.mchs.gov.ru/articles/emergency_info/digest/item/261067/	
2010	4	29 Апреля 2010	http://www.mchs.gov.ru/articles/emergency_info/digest/item/261064/	
2010	4	28 Апреля 2010	http://www.mchs.gov.ru/articles/emergency_info/digest/item/261063/	
2010	4	27 Апреля 2010	http://www.mchs.gov.ru/articles/emergency_info/digest/item/261061/	
2010	4	26 Апреля 2010	http://www.mchs.gov.ru/articles/emergency_info/digest/item/261058/	
2010	4	25 Апреля 2010	http://www.mchs.gov.ru/articles/emergency_info/digest/item/261057/	
2010	4	24 Апреля 2010	http://www.mchs.gov.ru/articles/emergency_info/digest/item/261056/	
2010	4	23 Апреля 2010	http://www.mchs.gov.ru/articles/emergency_info/digest/item/261055/	
2010	4	22 Апреля 2010	http://www.mchs.gov.ru/articles/emergency_info/digest/item/261054/	
2010	4	21 Апреля 2010	http://www.mchs.gov.ru/articles/emergency_info/digest/item/261051/	
2010	5	31 Мая 2010	http://www.mchs.gov.ru/articles/emergency_info/digest/item/261122/	
2010	5	31 Мая 2010	http://www.mchs.gov.ru/articles/emergency_info/digest/item/261123/	
2010	5	31 Мая 2010	http://www.mchs.gov.ru/articles/emergency_info/digest/item/261124/	
2010	5	30 Мая 2010	http://www.mchs.gov.ru/articles/emergency_info/digest/item/261120/	
2010	5	30 Мая 2010	http://www.mchs.gov.ru/articles/emergency_info/digest/item/261121/	
2010	5	29 Мая 2010	http://www.mchs.gov.ru/articles/emergency_info/digest/item/261119/	
2010	5	28 Мая 2010	http://www.mchs.gov.ru/articles/emergency_info/digest/item/261118/	
2010	5	27 Мая 2010	http://www.mchs.gov.ru/articles/emergency_info/digest/item/261116/	
2010	5	26 Мая 2010	http://www.mchs.gov.ru/articles/emergency_info/digest/item/261114/	
2010	5	25 Мая 2010	http://www.mchs.gov.ru/articles/emergency_info/digest/item/261113/	
2010	6	30 Июня 2010	http://www.mchs.gov.ru/articles/emergency_info/digest/item/261221/	
2010	6	29 Июня 2010	http://www.mchs.gov.ru/articles/emergency_info/digest/item/261217/	
2010	6	28 Июня 2010	http://www.mchs.gov.ru/articles/emergency_info/digest/item/261213/	
2010	6	27 Июня 2010	http://www.mchs.gov.ru/articles/emergency_info/digest/item/261214/	
2010	6	26 Июня 2010	http://www.mchs.gov.ru/articles/emergency_info/digest/item/261211/	
2010	6	25 Июня 2010	http://www.mchs.gov.ru/articles/emergency_info/digest/item/261210/	
2010	6	24 Июня 2010	http://www.mchs.gov.ru/articles/emergency_info/digest/item/261208/	
2010	6	23 Июня 2010	http://www.mchs.gov.ru/articles/emergency_info/digest/item/261206/	
2010	6	22 Июня 2010	http://www.mchs.gov.ru/articles/emergency_info/digest/item/261202/	
2010	6	21 Июня 2010	http://www.mchs.gov.ru/articles/emergency_info/digest/item/261180/	
2010	7	31 Июля 2010	http://www.mchs.gov.ru/articles/emergency_info/digest/item/261282/	
2010	7	29 Июля 2010	http://www.mchs.gov.ru/articles/emergency_info/digest/item/261277/	
2010	7	28 Июля 2010	http://www.mchs.gov.ru/articles/emergency_info/digest/item/261275/	
2010	7	27 Июля 2010	http://www.mchs.gov.ru/articles/emergency_info/digest/item/261272/	
2010	7	26 Июля 2010	http://www.mchs.gov.ru/articles/emergency_info/digest/item/261269/	
2010	7	25 Июля 2010	http://www.mchs.gov.ru/articles/emergency_info/digest/item/261267/	
2010	7	24 Июля 2010	http://www.mchs.gov.ru/articles/emergency_info/digest/item/261266/	
2010	7	23 Июля 2010	http://www.mchs.gov.ru/articles/emergency_info/digest/item/261263/	
2010	7	22 Июля 2010	http://www.mchs.gov.ru/articles/emergency_info/digest/item/261260/	
2010	7	21 Июля 2010	http://www.mchs.gov.ru/articles/emergency_info/digest/item/261258/	
2010	8	31 Августа 2010	http://www.mchs.gov.ru/articles/emergency_info/digest/item/261352/	
2010	8	30 Августа 2010	http://www.mchs.gov.ru/articles/emergency_info/digest/item/261348/	
2010	8	29 Августа 2010	http://www.mchs.gov.ru/articles/emergency_info/digest/item/261346/	
2010	8	28 Августа 2010	http://www.mchs.gov.ru/articles/emergency_info/digest/item/261345/	
2010	8	27 Августа 2010	http://www.mchs.gov.ru/articles/emergency_info/digest/item/261344/	
2010	8	26 Августа 2010	http://www.mchs.gov.ru/articles/emergency_info/digest/item/261343/	
2010	8	25 Августа 2010	http://www.mchs.gov.ru/articles/emergency_info/digest/item/261341/	
2010	8	24 Августа 2010	http://www.mchs.gov.ru/articles/emergency_info/digest/item/261340/	
2010	8	23 Августа 2010	http://www.mchs.gov.ru/articles/emergency_info/digest/item/261339/	
2010	8	22 Августа 2010	http://www.mchs.gov.ru/articles/emergency_info/digest/item/261338/	
2010	9	30 Сентября 2010	http://www.mchs.gov.ru/articles/emergency_info/digest/item/261448/	
2010	9	29 Сентября 2010	http://www.mchs.gov.ru/articles/emergency_info/digest/item/261445/	
2010	9	28 Сентября 2010	http://www.mchs.gov.ru/articles/emergency_info/digest/item/261443/	
2010	9	27 Сентября 2010	http://www.mchs.gov.ru/articles/emergency_info/digest/item/261438/	
2010	9	26 Сентября 2010	http://www.mchs.gov.ru/articles/emergency_info/digest/item/261435/	
2010	9	25 Сентября 2010	http://www.mchs.gov.ru/articles/emergency_info/digest/item/261434/	
2010	9	24 Сентября 2010	http://www.mchs.gov.ru/articles/emergency_info/digest/item/261432/	
2010	9	23 Сентября 2010	http://www.mchs.gov.ru/articles/emergency_info/digest/item/261433/	
2010	9	22 Сентября 2010	http://www.mchs.gov.ru/articles/emergency_info/digest/item/261428/	
2010	9	21 Сентября 2010	http://www.mchs.gov.ru/articles/emergency_info/digest/item/261426/	
2010	10	31 Октября 2010	http://www.mchs.gov.ru/articles/emergency_info/digest/item/260244/	
2010	10	30 Октября 2010	http://www.mchs.gov.ru/articles/emergency_info/digest/item/260242/	
2010	10	29 Октября 2010	http://www.mchs.gov.ru/articles/emergency_info/digest/item/260240/	
2010	10	28 Октября 2010	http://www.mchs.gov.ru/articles/emergency_info/digest/item/261525/	
2010	10	27 Октября 2010	http://www.mchs.gov.ru/articles/emergency_info/digest/item/261523/	
2010	10	26 Октября 2010	http://www.mchs.gov.ru/articles/emergency_info/digest/item/261521/	
2010	10	25 Октября 2010	http://www.mchs.gov.ru/articles/emergency_info/digest/item/261520/	
2010	10	24 Октября 2010	http://www.mchs.gov.ru/articles/emergency_info/digest/item/261518/	
2010	10	23 Октября 2010	http://www.mchs.gov.ru/articles/emergency_info/digest/item/261517/	
2010	10	22 Октября 2010	http://www.mchs.gov.ru/articles/emergency_info/digest/item/261512/	
2010	11	30 Ноября 2010	http://www.mchs.gov.ru/articles/emergency_info/digest/item/260366/	
2010	11	29 Ноября 2010	http://www.mchs.gov.ru/articles/emergency_info/digest/item/260362/	
2010	11	28 Ноября 2010	http://www.mchs.gov.ru/articles/emergency_info/digest/item/260356/	
2010	11	27 Ноября 2010	http://www.mchs.gov.ru/articles/emergency_info/digest/item/260353/	
2010	11	27 Ноября 2010	http://www.mchs.gov.ru/articles/emergency_info/digest/item/260354/	
2010	11	26 Ноября 2010	http://www.mchs.gov.ru/articles/emergency_info/digest/item/260349/	
2010	11	25 Ноября 2010	http://www.mchs.gov.ru/articles/emergency_info/digest/item/260343/	
2010	11	24 Ноября 2010	http://www.mchs.gov.ru/articles/emergency_info/digest/item/260329/	
2010	11	23 Ноября 2010	http://www.mchs.gov.ru/articles/emergency_info/digest/item/260310/	
2010	11	22 Ноября 2010	http://www.mchs.gov.ru/articles/emergency_info/digest/item/260306/	
2010	12	31 Декабря 2010	http://www.mchs.gov.ru/articles/emergency_info/digest/item/260499/	
2010	12	30 Декабря 2010	http://www.mchs.gov.ru/articles/emergency_info/digest/item/260488/	
2010	12	29 Декабря 2010	http://www.mchs.gov.ru/articles/emergency_info/digest/item/260486/	
2010	12	28 Декабря 2010	http://www.mchs.gov.ru/articles/emergency_info/digest/item/260478/	
2010	12	27 Декабря 2010	http://www.mchs.gov.ru/articles/emergency_info/digest/item/260473/	
2010	12	26 Декабря 2010	http://www.mchs.gov.ru/articles/emergency_info/digest/item/260469/	
2010	12	25 Декабря 2010	http://www.mchs.gov.ru/articles/emergency_info/digest/item/260468/	
2010	12	24 Декабря 2010	http://www.mchs.gov.ru/articles/emergency_info/digest/item/260466/	
2010	12	23 Декабря 2010	http://www.mchs.gov.ru/articles/emergency_info/digest/item/260462/	
2010	12	22 Декабря 2010	http://www.mchs.gov.ru/articles/emergency_info/digest/item/260456/	
2011	1	31 Января 2011	http://www.mchs.gov.ru/articles/emergency_info/digest/item/260617/	
2011	1	30 Января 2011	http://www.mchs.gov.ru/articles/emergency_info/digest/item/260615/	
2011	1	29 Января 2011	http://www.mchs.gov.ru/articles/emergency_info/digest/item/260614/	
2011	1	28 Января 2011	http://www.mchs.gov.ru/articles/emergency_info/digest/item/260609/	
2011	1	28 Января 2011	http://www.mchs.gov.ru/articles/emergency_info/digest/item/260610/	
2011	1	27 Января 2011	http://www.mchs.gov.ru/articles/emergency_info/digest/item/260606/	
2011	1	26 Января 2011	http://www.mchs.gov.ru/articles/emergency_info/digest/item/260603/	
2011	1	25 Января 2011	http://www.mchs.gov.ru/articles/emergency_info/digest/item/260596/	
2011	1	25 Января 2011	http://www.mchs.gov.ru/articles/emergency_info/digest/item/260597/	
2011	1	25 Января 2011	http://www.mchs.gov.ru/articles/emergency_info/digest/item/260598/	
2011	2	28 Февраля 2011	http://www.mchs.gov.ru/articles/emergency_info/digest/item/260718/	
2011	2	27 Февраля 2011	http://www.mchs.gov.ru/articles/emergency_info/digest/item/260716/	
2011	2	26 Февраля 2011	http://www.mchs.gov.ru/articles/emergency_info/digest/item/260714/	
2011	2	25 Февраля 2011	http://www.mchs.gov.ru/articles/emergency_info/digest/item/260709/	
2011	2	24 Февраля 2011	http://www.mchs.gov.ru/articles/emergency_info/digest/item/260700/	
2011	2	23 Февраля 2011	http://www.mchs.gov.ru/articles/emergency_info/digest/item/260694/	
2011	2	22 Февраля 2011	http://www.mchs.gov.ru/articles/emergency_info/digest/item/260690/	
2011	2	21 Февраля 2011	http://www.mchs.gov.ru/articles/emergency_info/digest/item/260688/	
2011	2	20 Февраля 2011	http://www.mchs.gov.ru/articles/emergency_info/digest/item/260686/	
2011	2	19 Февраля 2011	http://www.mchs.gov.ru/articles/emergency_info/digest/item/260685/	
2011	3	31 Марта 2011	http://www.mchs.gov.ru/articles/emergency_info/digest/item/260830/	
2011	3	30 Марта 2011	http://www.mchs.gov.ru/articles/emergency_info/digest/item/260824/	
2011	3	29 Марта 2011	http://www.mchs.gov.ru/articles/emergency_info/digest/item/260819/	
2011	3	28 Марта 2011	http://www.mchs.gov.ru/articles/emergency_info/digest/item/260812/	
2011	3	27 Марта 2011	http://www.mchs.gov.ru/articles/emergency_info/digest/item/260810/	
2011	3	26 Марта 2011	http://www.mchs.gov.ru/articles/emergency_info/digest/item/260808/	
2011	3	25 Марта 2011	http://www.mchs.gov.ru/articles/emergency_info/digest/item/260806/	
2011	3	24 Марта 2011	http://www.mchs.gov.ru/articles/emergency_info/digest/item/260801/	
2011	3	23 Марта 2011	http://www.mchs.gov.ru/articles/emergency_info/digest/item/260797/	
2011	3	22 Марта 2011	http://www.mchs.gov.ru/articles/emergency_info/digest/item/260791/	
2011	4	30 Апреля 2011	http://www.mchs.gov.ru/articles/emergency_info/digest/item/261005/	
2011	4	29 Апреля 2011	http://www.mchs.gov.ru/articles/emergency_info/digest/item/261001/	
2011	4	28 Апреля 2011	http://www.mchs.gov.ru/articles/emergency_info/digest/item/260994/	
2011	4	27 Апреля 2011	http://www.mchs.gov.ru/articles/emergency_info/digest/item/260987/	
2011	4	26 Апреля 2011	http://www.mchs.gov.ru/articles/emergency_info/digest/item/260982/	
2011	4	25 Апреля 2011	http://www.mchs.gov.ru/articles/emergency_info/digest/item/260979/	
2011	4	24 Апреля 2011	http://www.mchs.gov.ru/articles/emergency_info/digest/item/260971/	
2011	4	23 Апреля 2011	http://www.mchs.gov.ru/articles/emergency_info/digest/item/260969/	
2011	4	22 Апреля 2011	http://www.mchs.gov.ru/articles/emergency_info/digest/item/260965/	
2011	4	21 Апреля 2011	http://www.mchs.gov.ru/articles/emergency_info/digest/item/260959/	
2011	5	31 Мая 2011	http://www.mchs.gov.ru/articles/emergency_info/digest/item/261129/	
2011	5	30 Мая 2011	http://www.mchs.gov.ru/articles/emergency_info/digest/item/261108/	
2011	5	29 Мая 2011	http://www.mchs.gov.ru/articles/emergency_info/digest/item/261107/	
2011	5	28 Мая 2011	http://www.mchs.gov.ru/articles/emergency_info/digest/item/261105/	
2011	5	27 Мая 2011	http://www.mchs.gov.ru/articles/emergency_info/digest/item/261103/	
2011	5	26 Мая 2011	http://www.mchs.gov.ru/articles/emergency_info/digest/item/261101/	
2011	5	25 Мая 2011	http://www.mchs.gov.ru/articles/emergency_info/digest/item/261095/	
2011	5	24 Мая 2011	http://www.mchs.gov.ru/articles/emergency_info/digest/item/261092/	
2011	5	23 Мая 2011	http://www.mchs.gov.ru/articles/emergency_info/digest/item/261090/	
2011	5	22 Мая 2011	http://www.mchs.gov.ru/articles/emergency_info/digest/item/261087/	
2011	6	30 Июня 2011	http://www.mchs.gov.ru/articles/emergency_info/digest/item/261212/	
2011	6	29 Июня 2011	http://www.mchs.gov.ru/articles/emergency_info/digest/item/261209/	
2011	6	28 Июня 2011	http://www.mchs.gov.ru/articles/emergency_info/digest/item/261207/	
2011	6	27 Июня 2011	http://www.mchs.gov.ru/articles/emergency_info/digest/item/261205/	
2011	6	26 Июня 2011	http://www.mchs.gov.ru/articles/emergency_info/digest/item/261204/	
2011	6	25 Июня 2011	http://www.mchs.gov.ru/articles/emergency_info/digest/item/261203/	
2011	6	24 Июня 2011	http://www.mchs.gov.ru/articles/emergency_info/digest/item/261200/	
2011	6	23 Июня 2011	http://www.mchs.gov.ru/articles/emergency_info/digest/item/261177/	
2011	6	22 Июня 2011	http://www.mchs.gov.ru/articles/emergency_info/digest/item/261173/	
2011	6	21 Июня 2011	http://www.mchs.gov.ru/articles/emergency_info/digest/item/261170/	
2011	7	31 Июля 2011	http://www.mchs.gov.ru/articles/emergency_info/digest/item/261297/	
2011	7	30 Июля 2011	http://www.mchs.gov.ru/articles/emergency_info/digest/item/261295/	
2011	7	29 Июля 2011	http://www.mchs.gov.ru/articles/emergency_info/digest/item/261293/	
2011	7	28 Июля 2011	http://www.mchs.gov.ru/articles/emergency_info/digest/item/261291/	
2011	7	27 Июля 2011	http://www.mchs.gov.ru/articles/emergency_info/digest/item/261287/	
2011	7	26 Июля 2011	http://www.mchs.gov.ru/articles/emergency_info/digest/item/261283/	
2011	7	25 Июля 2011	http://www.mchs.gov.ru/articles/emergency_info/digest/item/261279/	
2011	7	24 Июля 2011	http://www.mchs.gov.ru/articles/emergency_info/digest/item/261278/	
2011	7	23 Июля 2011	http://www.mchs.gov.ru/articles/emergency_info/digest/item/261276/	
2011	7	22 Июля 2011	http://www.mchs.gov.ru/articles/emergency_info/digest/item/261274/	
2011	8	31 Августа 2011	http://www.mchs.gov.ru/articles/emergency_info/digest/item/261395/	
2011	8	30 Августа 2011	http://www.mchs.gov.ru/articles/emergency_info/digest/item/261373/	
2011	8	29 Августа 2011	http://www.mchs.gov.ru/articles/emergency_info/digest/item/261371/	
2011	8	28 Августа 2011	http://www.mchs.gov.ru/articles/emergency_info/digest/item/261369/	
2011	8	27 Августа 2011	http://www.mchs.gov.ru/articles/emergency_info/digest/item/261367/	
2011	8	26 Августа 2011	http://www.mchs.gov.ru/articles/emergency_info/digest/item/261365/	
2011	8	25 Августа 2011	http://www.mchs.gov.ru/articles/emergency_info/digest/item/261363/	
2011	8	24 Августа 2011	http://www.mchs.gov.ru/articles/emergency_info/digest/item/261355/	
2011	8	23 Августа 2011	http://www.mchs.gov.ru/articles/emergency_info/digest/item/261353/	
2011	8	22 Августа 2011	http://www.mchs.gov.ru/articles/emergency_info/digest/item/261351/	
2011	9	30 Сентября 2011	http://www.mchs.gov.ru/articles/emergency_info/digest/item/261467/	
2011	9	29 Сентября 2011	http://www.mchs.gov.ru/articles/emergency_info/digest/item/261465/	
2011	9	28 Сентября 2011	http://www.mchs.gov.ru/articles/emergency_info/digest/item/261464/	
2011	9	27 Сентября 2011	http://www.mchs.gov.ru/articles/emergency_info/digest/item/261462/	
2011	9	26 Сентября 2011	http://www.mchs.gov.ru/articles/emergency_info/digest/item/261460/	
2011	9	25 Сентября 2011	http://www.mchs.gov.ru/articles/emergency_info/digest/item/261458/	
2011	9	24 Сентября 2011	http://www.mchs.gov.ru/articles/emergency_info/digest/item/261457/	
2011	9	23 Сентября 2011	http://www.mchs.gov.ru/articles/emergency_info/digest/item/261449/	
2011	9	22 Сентября 2011	http://www.mchs.gov.ru/articles/emergency_info/digest/item/261447/	
2011	9	21 Сентября 2011	http://www.mchs.gov.ru/articles/emergency_info/digest/item/261444/	
2011	10	31 Октября 2011	http://www.mchs.gov.ru/articles/emergency_info/digest/item/261530/	
2011	10	30 Октября 2011	http://www.mchs.gov.ru/articles/emergency_info/digest/item/261529/	
2011	10	29 Октября 2011	http://www.mchs.gov.ru/articles/emergency_info/digest/item/261528/	
2011	10	28 Октября 2011	http://www.mchs.gov.ru/articles/emergency_info/digest/item/261527/	
2011	10	27 Октября 2011	http://www.mchs.gov.ru/articles/emergency_info/digest/item/261526/	
2011	10	26 Октября 2011	http://www.mchs.gov.ru/articles/emergency_info/digest/item/261524/	
2011	10	25 Октября 2011	http://www.mchs.gov.ru/articles/emergency_info/digest/item/261522/	
2011	10	24 Октября 2011	http://www.mchs.gov.ru/articles/emergency_info/digest/item/261519/	
2011	10	23 Октября 2011	http://www.mchs.gov.ru/articles/emergency_info/digest/item/261516/	
2011	10	22 Октября 2011	http://www.mchs.gov.ru/articles/emergency_info/digest/item/261515/	
2011	11	30 Ноября 2011	http://www.mchs.gov.ru/articles/emergency_info/digest/item/261586/	
2011	11	29 Ноября 2011	http://www.mchs.gov.ru/articles/emergency_info/digest/item/261585/	
2011	11	28 Ноября 2011	http://www.mchs.gov.ru/articles/emergency_info/digest/item/261584/	
2011	11	27 Ноября 2011	http://www.mchs.gov.ru/articles/emergency_info/digest/item/261583/	
2011	11	26 Ноября 2011	http://www.mchs.gov.ru/articles/emergency_info/digest/item/261582/	
2011	11	25 Ноября 2011	http://www.mchs.gov.ru/articles/emergency_info/digest/item/261581/	
2011	11	24 Ноября 2011	http://www.mchs.gov.ru/articles/emergency_info/digest/item/261555/	
2011	11	23 Ноября 2011	http://www.mchs.gov.ru/articles/emergency_info/digest/item/261554/	
2011	11	22 Ноября 2011	http://www.mchs.gov.ru/articles/emergency_info/digest/item/261552/	
2011	11	21 Ноября 2011	http://www.mchs.gov.ru/articles/emergency_info/digest/item/261551/	
2011	12	31 Декабря 2011	http://www.mchs.gov.ru/articles/emergency_info/digest/item/261643/	
2011	12	30 Декабря 2011	http://www.mchs.gov.ru/articles/emergency_info/digest/item/261642/	
2011	12	29 Декабря 2011	http://www.mchs.gov.ru/articles/emergency_info/digest/item/261641/	
2011	12	28 Декабря 2011	http://www.mchs.gov.ru/articles/emergency_info/digest/item/261639/	
2011	12	27 Декабря 2011	http://www.mchs.gov.ru/articles/emergency_info/digest/item/261637/	
2011	12	26 Декабря 2011	http://www.mchs.gov.ru/articles/emergency_info/digest/item/261636/	
2011	12	25 Декабря 2011	http://www.mchs.gov.ru/articles/emergency_info/digest/item/261635/	
2011	12	24 Декабря 2011	http://www.mchs.gov.ru/articles/emergency_info/digest/item/261634/	
2011	12	23 Декабря 2011	http://www.mchs.gov.ru/articles/emergency_info/digest/item/261632/	
2011	12	22 Декабря 2011	http://www.mchs.gov.ru/articles/emergency_info/digest/item/261630/	
2012	1	31 Января 2012	http://www.mchs.gov.ru/articles/emergency_info/digest/item/261701/	
2012	1	30 Января 2012	http://www.mchs.gov.ru/articles/emergency_info/digest/item/261700/	
2012	1	29 Января 2012	http://www.mchs.gov.ru/articles/emergency_info/digest/item/261699/	
2012	1	28 Января 2012	http://www.mchs.gov.ru/articles/emergency_info/digest/item/261698/	
2012	1	27 Января 2012	http://www.mchs.gov.ru/articles/emergency_info/digest/item/261697/	
2012	1	26 Января 2012	http://www.mchs.gov.ru/articles/emergency_info/digest/item/261696/	
2012	1	25 Января 2012	http://www.mchs.gov.ru/articles/emergency_info/digest/item/261695/	
2012	1	24 Января 2012	http://www.mchs.gov.ru/articles/emergency_info/digest/item/261694/	
2012	1	23 Января 2012	http://www.mchs.gov.ru/articles/emergency_info/digest/item/261693/	
2012	1	22 Января 2012	http://www.mchs.gov.ru/articles/emergency_info/digest/item/261692/	
2012	2	29 Февраля 2012	http://www.mchs.gov.ru/articles/emergency_info/digest/item/261730/	
2012	2	28 Февраля 2012	http://www.mchs.gov.ru/articles/emergency_info/digest/item/261729/	
2012	2	27 Февраля 2012	http://www.mchs.gov.ru/articles/emergency_info/digest/item/261728/	
2012	2	26 Февраля 2012	http://www.mchs.gov.ru/articles/emergency_info/digest/item/261727/	
2012	2	25 Февраля 2012	http://www.mchs.gov.ru/articles/emergency_info/digest/item/261726/	
2012	2	24 Февраля 2012	http://www.mchs.gov.ru/articles/emergency_info/digest/item/261725/	
2012	2	23 Февраля 2012	http://www.mchs.gov.ru/articles/emergency_info/digest/item/261724/	
2012	2	22 Февраля 2012	http://www.mchs.gov.ru/articles/emergency_info/digest/item/261723/	
2012	2	21 Февраля 2012	http://www.mchs.gov.ru/articles/emergency_info/digest/item/261722/	
2012	2	20 Февраля 2012	http://www.mchs.gov.ru/articles/emergency_info/digest/item/261720/	
2012	3	31 Марта 2012	http://www.mchs.gov.ru/articles/emergency_info/digest/item/261765/	
2012	3	30 Марта 2012	http://www.mchs.gov.ru/articles/emergency_info/digest/item/261764/	
2012	3	29 Марта 2012	http://www.mchs.gov.ru/articles/emergency_info/digest/item/261763/	
2012	3	28 Марта 2012	http://www.mchs.gov.ru/articles/emergency_info/digest/item/261762/	
2012	3	27 Марта 2012	http://www.mchs.gov.ru/articles/emergency_info/digest/item/261761/	
2012	3	26 Марта 2012	http://www.mchs.gov.ru/articles/emergency_info/digest/item/261760/	
2012	3	25 Марта 2012	http://www.mchs.gov.ru/articles/emergency_info/digest/item/261759/	
2012	3	24 Марта 2012	http://www.mchs.gov.ru/articles/emergency_info/digest/item/261758/	
2012	3	23 Марта 2012	http://www.mchs.gov.ru/articles/emergency_info/digest/item/261757/	
2012	3	22 Марта 2012	http://www.mchs.gov.ru/articles/emergency_info/digest/item/261756/	
2012	4	30 Апреля 2012	http://www.mchs.gov.ru/articles/emergency_info/digest/item/261830/	
2012	4	29 Апреля 2012	http://www.mchs.gov.ru/articles/emergency_info/digest/item/261829/	
2012	4	28 Апреля 2012	http://www.mchs.gov.ru/articles/emergency_info/digest/item/261826/	
2012	4	27 Апреля 2012	http://www.mchs.gov.ru/articles/emergency_info/digest/item/261823/	
2012	4	26 Апреля 2012	http://www.mchs.gov.ru/articles/emergency_info/digest/item/261822/	
2012	4	25 Апреля 2012	http://www.mchs.gov.ru/articles/emergency_info/digest/item/261819/	
2012	4	24 Апреля 2012	http://www.mchs.gov.ru/articles/emergency_info/digest/item/261816/	
2012	4	23 Апреля 2012	http://www.mchs.gov.ru/articles/emergency_info/digest/item/261813/	
2012	4	22 Апреля 2012	http://www.mchs.gov.ru/articles/emergency_info/digest/item/261811/	
2012	4	21 Апреля 2012	http://www.mchs.gov.ru/articles/emergency_info/digest/item/261809/	
2012	5	31 Мая 2012	http://www.mchs.gov.ru/articles/emergency_info/digest/item/261881/	
2012	5	30 Мая 2012	http://www.mchs.gov.ru/articles/emergency_info/digest/item/261879/	
2012	5	29 Мая 2012	http://www.mchs.gov.ru/articles/emergency_info/digest/item/261878/	
2012	5	28 Мая 2012	http://www.mchs.gov.ru/articles/emergency_info/digest/item/261877/	
2012	5	27 Мая 2012	http://www.mchs.gov.ru/articles/emergency_info/digest/item/261876/	
2012	5	26 Мая 2012	http://www.mchs.gov.ru/articles/emergency_info/digest/item/261875/	
2012	5	25 Мая 2012	http://www.mchs.gov.ru/articles/emergency_info/digest/item/261874/	
2012	5	24 Мая 2012	http://www.mchs.gov.ru/articles/emergency_info/digest/item/261873/	
2012	5	23 Мая 2012	http://www.mchs.gov.ru/articles/emergency_info/digest/item/261872/	
2012	5	22 Мая 2012	http://www.mchs.gov.ru/articles/emergency_info/digest/item/261870/	
2012	6	30 Июня 2012	http://www.mchs.gov.ru/articles/emergency_info/digest/item/261922/	
2012	6	29 Июня 2012	http://www.mchs.gov.ru/articles/emergency_info/digest/item/261921/	
2012	6	28 Июня 2012	http://www.mchs.gov.ru/articles/emergency_info/digest/item/261920/	
2012	6	27 Июня 2012	http://www.mchs.gov.ru/articles/emergency_info/digest/item/261919/	
2012	6	26 Июня 2012	http://www.mchs.gov.ru/articles/emergency_info/digest/item/261917/	
2012	6	25 Июня 2012	http://www.mchs.gov.ru/articles/emergency_info/digest/item/261916/	
2012	6	24 Июня 2012	http://www.mchs.gov.ru/articles/emergency_info/digest/item/261915/	
2012	6	23 Июня 2012	http://www.mchs.gov.ru/articles/emergency_info/digest/item/261914/	
2012	6	22 Июня 2012	http://www.mchs.gov.ru/articles/emergency_info/digest/item/261912/	
2012	6	21 Июня 2012	http://www.mchs.gov.ru/articles/emergency_info/digest/item/261911/	
2012	7	31 Июля 2012	http://www.mchs.gov.ru/articles/emergency_info/digest/item/261967/	
2012	7	30 Июля 2012	http://www.mchs.gov.ru/articles/emergency_info/digest/item/261966/	
2012	7	29 Июля 2012	http://www.mchs.gov.ru/articles/emergency_info/digest/item/261965/	
2012	7	28 Июля 2012	http://www.mchs.gov.ru/articles/emergency_info/digest/item/261964/	
2012	7	27 Июля 2012	http://www.mchs.gov.ru/articles/emergency_info/digest/item/261963/	
2012	7	26 Июля 2012	http://www.mchs.gov.ru/articles/emergency_info/digest/item/261961/	
2012	7	25 Июля 2012	http://www.mchs.gov.ru/articles/emergency_info/digest/item/261960/	
2012	7	24 Июля 2012	http://www.mchs.gov.ru/articles/emergency_info/digest/item/261959/	
2012	7	23 Июля 2012	http://www.mchs.gov.ru/articles/emergency_info/digest/item/261957/	
2012	7	22 Июля 2012	http://www.mchs.gov.ru/articles/emergency_info/digest/item/261956/	
2012	8	31 Августа 2012	http://www.mchs.gov.ru/articles/emergency_info/digest/item/262004/	
2012	8	30 Августа 2012	http://www.mchs.gov.ru/articles/emergency_info/digest/item/262002/	
2012	8	29 Августа 2012	http://www.mchs.gov.ru/articles/emergency_info/digest/item/262001/	
2012	8	28 Августа 2012	http://www.mchs.gov.ru/articles/emergency_info/digest/item/261999/	
2012	8	27 Августа 2012	http://www.mchs.gov.ru/articles/emergency_info/digest/item/261998/	
2012	8	26 Августа 2012	http://www.mchs.gov.ru/articles/emergency_info/digest/item/261997/	
2012	8	25 Августа 2012	http://www.mchs.gov.ru/articles/emergency_info/digest/item/261996/	
2012	8	24 Августа 2012	http://www.mchs.gov.ru/articles/emergency_info/digest/item/261995/	
2012	8	23 Августа 2012	http://www.mchs.gov.ru/articles/emergency_info/digest/item/261994/	
2012	8	22 Августа 2012	http://www.mchs.gov.ru/articles/emergency_info/digest/item/261993/	
2012	9	30 Сентября 2012	http://www.mchs.gov.ru/articles/emergency_info/digest/item/262040/	
2012	9	29 Сентября 2012	http://www.mchs.gov.ru/articles/emergency_info/digest/item/262039/	
2012	9	28 Сентября 2012	http://www.mchs.gov.ru/articles/emergency_info/digest/item/262038/	
2012	9	27 Сентября 2012	http://www.mchs.gov.ru/articles/emergency_info/digest/item/262037/	
2012	9	26 Сентября 2012	http://www.mchs.gov.ru/articles/emergency_info/digest/item/262036/	
2012	9	25 Сентября 2012	http://www.mchs.gov.ru/articles/emergency_info/digest/item/262034/	
2012	9	24 Сентября 2012	http://www.mchs.gov.ru/articles/emergency_info/digest/item/262033/	
2012	9	23 Сентября 2012	http://www.mchs.gov.ru/articles/emergency_info/digest/item/262032/	
2012	9	22 Сентября 2012	http://www.mchs.gov.ru/articles/emergency_info/digest/item/262031/	
2012	9	21 Сентября 2012	http://www.mchs.gov.ru/articles/emergency_info/digest/item/262030/	
2012	10	31 Октября 2012	http://www.mchs.gov.ru/articles/emergency_info/digest/item/262081/	
2012	10	30 Октября 2012	http://www.mchs.gov.ru/articles/emergency_info/digest/item/262080/	
2012	10	29 Октября 2012	http://www.mchs.gov.ru/articles/emergency_info/digest/item/262078/	
2012	10	28 Октября 2012	http://www.mchs.gov.ru/articles/emergency_info/digest/item/262077/	
2012	10	27 Октября 2012	http://www.mchs.gov.ru/articles/emergency_info/digest/item/262076/	
2012	10	26 Октября 2012	http://www.mchs.gov.ru/articles/emergency_info/digest/item/262073/	
2012	10	25 Октября 2012	http://www.mchs.gov.ru/articles/emergency_info/digest/item/262072/	
2012	10	24 Октября 2012	http://www.mchs.gov.ru/articles/emergency_info/digest/item/262071/	
2012	10	23 Октября 2012	http://www.mchs.gov.ru/articles/emergency_info/digest/item/262070/	
2012	10	22 Октября 2012	http://www.mchs.gov.ru/articles/emergency_info/digest/item/262069/	
2012	11	30 Ноября 2012	http://www.mchs.gov.ru/articles/emergency_info/digest/item/275519/	
2012	11	29 Ноября 2012	http://www.mchs.gov.ru/articles/emergency_info/digest/item/271739/	
2012	11	28 Ноября 2012	http://www.mchs.gov.ru/articles/emergency_info/digest/item/271738/	
2012	11	27 Ноября 2012	http://www.mchs.gov.ru/articles/emergency_info/digest/item/271737/	
2012	11	26 Ноября 2012	http://www.mchs.gov.ru/articles/emergency_info/digest/item/271736/	
2012	11	25 Ноября 2012	http://www.mchs.gov.ru/articles/emergency_info/digest/item/262110/	
2012	11	24 Ноября 2012	http://www.mchs.gov.ru/articles/emergency_info/digest/item/262109/	
2012	11	23 Ноября 2012	http://www.mchs.gov.ru/articles/emergency_info/digest/item/262108/	
2012	11	22 Ноября 2012	http://www.mchs.gov.ru/articles/emergency_info/digest/item/262107/	
2012	11	21 Ноября 2012	http://www.mchs.gov.ru/articles/emergency_info/digest/item/262106/	
2012	12	31 Декабря 2012	http://www.mchs.gov.ru/articles/emergency_info/digest/item/364149/	
2012	12	30 Декабря 2012	http://www.mchs.gov.ru/articles/emergency_info/digest/item/364107/	
2012	12	29 Декабря 2012	http://www.mchs.gov.ru/articles/emergency_info/digest/item/363897/	
2012	12	28 Декабря 2012	http://www.mchs.gov.ru/articles/emergency_info/digest/item/363610/	
2012	12	27 Декабря 2012	http://www.mchs.gov.ru/articles/emergency_info/digest/item/363491/	
2012	12	26 Декабря 2012	http://www.mchs.gov.ru/articles/emergency_info/digest/item/362798/	
2012	12	25 Декабря 2012	http://www.mchs.gov.ru/articles/emergency_info/digest/item/362696/	
2012	12	24 Декабря 2012	http://www.mchs.gov.ru/articles/emergency_info/digest/item/362022/	
2012	12	23 Декабря 2012	http://www.mchs.gov.ru/articles/emergency_info/digest/item/361953/	
2012	12	22 Декабря 2012	http://www.mchs.gov.ru/articles/emergency_info/digest/item/361882/	
2013	1	31 Января	http://www.mchs.gov.ru/articles/emergency_info/digest/item/372794/	
2013	1	30 Января	http://www.mchs.gov.ru/articles/emergency_info/digest/item/372445/	
2013	1	29 Января	http://www.mchs.gov.ru/articles/emergency_info/digest/item/372008/	
2013	1	28 Января	http://www.mchs.gov.ru/articles/emergency_info/digest/item/371606/	
2013	1	27 Января	http://www.mchs.gov.ru/articles/emergency_info/digest/item/371373/	
2013	1	26 Января	http://www.mchs.gov.ru/articles/emergency_info/digest/item/371148/	
2013	1	25 Января	http://www.mchs.gov.ru/articles/emergency_info/digest/item/370841/	
2013	1	24 Января	http://www.mchs.gov.ru/articles/emergency_info/digest/item/370532/	
2013	1	23 Января	http://www.mchs.gov.ru/articles/emergency_info/digest/item/370221/	
2013	1	22 Января	http://www.mchs.gov.ru/articles/emergency_info/digest/item/369905/	
2013	2	Сегодня	http://www.mchs.gov.ru/articles/emergency_info/digest/item/381269/	
2013	2	22 Февраля	http://www.mchs.gov.ru/articles/emergency_info/digest/item/380863/	
2013	2	21 Февраля	http://www.mchs.gov.ru/articles/emergency_info/digest/item/380500/	
2013	2	20 Февраля	http://www.mchs.gov.ru/articles/emergency_info/digest/item/380225/	
2013	2	19 Февраля	http://www.mchs.gov.ru/articles/emergency_info/digest/item/379833/	
2013	2	18 Февраля	http://www.mchs.gov.ru/articles/emergency_info/digest/item/379390/	
2013	2	17 Февраля	http://www.mchs.gov.ru/articles/emergency_info/digest/item/379172/	
2013	2	16 Февраля	http://www.mchs.gov.ru/articles/emergency_info/digest/item/379040/	
2013	2	15 Февраля	http://www.mchs.gov.ru/articles/emergency_info/digest/item/378537/	
2013	2	14 Февраля	http://www.mchs.gov.ru/articles/emergency_info/digest/item/378160/	
